id,name,menu,menu_title,doc,device,mixer_device,"Hydraulic
Circuit
Diagram",label_en,label_de,type,unit,scale,values,increment,default,read,write,comment
0x0199,version_major,,(All Devices),,,,,Major version,Major Version,i16,,,,,,TRUE,FALSE,Softwarenummer
0x019a,version_minor,,(All Devices),,,,,Minor version,Minor Version,i16,,,,,,TRUE,FALSE,Softwareindex
0x024b,version_patch,,(All Devices),,,,,Patch version,Patch Version,i16,,,,,,TRUE,FALSE,cSOFTWARE_UNTERINDEX
0x000c,outside_temp,3.2.4,Start screen,3.2.4,HG1,,,Outside temperature,Außentemperatur,dec,C,10,,,,TRUE,FALSE,
0x0061,status_compressor,3.2.4,Operation,3.2.4,Outdoor,,,Status compressor,Status Kompressor,bool,,,,,,TRUE,FALSE,
0x0112,operating_mode,4.1,OperatingMode,7.2,HG1,HC2,,Operating mode,Betriebsart,enum8,,,OperatingMode,,,TRUE,TRUE,
0x0005,room_temp_target_1,4.2.1,User :: Room,7.3.1,HC1,HC2,,Room temperature target 1,Raumtemperatur Soll 1,dec,C,10,5-40,0.5,20,TRUE,TRUE,
0x0006,room_temp_target_2,4.2.1,User :: Room,7.3.1,HC1,HC2,,Room temperature target 2,Raumtemperatur Soll 2,dec,C,10,5-40,0.5,20,TRUE,TRUE,
0x0007,room_temp_target_3,4.2.1,User :: Room,7.3.1,HC1,HC2,,Room temperature target 3,Raumtemperatur Soll 3,dec,C,10,5-40,0.5,20,TRUE,TRUE,
0x0008,reduce_room_temp,4.2.2,User :: Reduce,7.3.2,HC1,HC2,,Reduce room temperature,Raumtemperatur Absenken,dec,C,10,5-40,0.5,15,TRUE,TRUE,
0x013d,room_temp_absent,4.2.3,User :: Absent,7.3.3,HC1,HC2,,Room temperature absent,Raumtemperatur Abwesend,dec,C,10,5-40,0.5,15,TRUE,TRUE,
0x0013,hot_water_temp_target_1,4.2.4,User :: Hot water,7.3.4,HG1,,,Hot water temperature target 1,Warmwassertemperatur Soll 1,dec,C,10,35-70,0.5,48,TRUE,TRUE,
0x0a06,hot_water_temp_target_2,4.2.4,User :: Hot water,7.3.4,HG1,,,Hot water temperature target 2,Warmwassertemperatur Soll 2,dec,C,10,35-70,0.5,48,TRUE,TRUE,
0x013e,hot_water_temp_target_3,4.2.4,User :: Hot water,7.3.4,HG1,,,Hot water temperature target 3,Warmwassertemperatur Soll 3,dec,C,10,35-70,0.5,48,TRUE,TRUE,
0x0144,load_hot_water,4.2.5,User :: 1x load,7.3.5,HG1,,,1x Hot Water,1x Warmwasser,bool,,,,,FALSE,TRUE,TRUE,
0x1358,party,4.3.1,Time program :: Party,7.4,HC1,HC2,,Party,Party,i16,min,,0-360,15,0,TRUE,TRUE,
0x01ec,absent,4.3.1,Time program :: Absent,7.4,HC1,HC2,,Absent,Abwesend,i16,min,,,15,0,TRUE,TRUE,
0x011b,vacation_begin_day,4.3.1,Time program :: Vacation,7.4,HC1,HC2,,Holiday :: Date 1st day :: Day,Urlaub :: Datum 1. Tag :: Tag,i8,,,0-31,,2,TRUE,TRUE,
0x011c,vacation_begin_month,4.3.1,Time program :: Vacation,7.4,HC1,HC2,,Holiday :: Date 1st day :: Month,Urlaub :: Datum 1. Tag :: Monat,i8,,,0-12,,1,TRUE,TRUE,
0x011d,vacation_begin_year,4.3.1,Time program :: Vacation,7.4,HC1,HC2,,Holiday :: Date 1st day :: Year,Urlaub :: Datum 1. Tag :: Jahr,i8,,,0-49,,1,TRUE,TRUE,
0x011e,vacation_end_day,4.3.1,Time program :: Vacation,7.4,HC1,HC2,,Holiday :: Date last day :: Day,Urlaub :: Datum letzter Tag :: Tag,i8,,,0-31,,3,TRUE,TRUE,
0x011f,vacation_end_month,4.3.1,Time program :: Vacation,7.4,HC1,HC2,,Holiday :: Date last day :: Month,Urlaub :: Datum letzter Tag :: Monat,i8,,,0-12,,1,TRUE,TRUE,
0x0120,vacation_end_year,4.3.1,Time program :: Vacation,7.4,HC1,HC2,,Holiday :: Date last day :: Year,Urlaub :: Datum letzter Tag :: Jahr,i8,,,0-49,,1,TRUE,TRUE,
0x1350,holiday_begin_day,4.3.1,Time program :: Holiday,7.4,HC1,HC2,,Holiday :: Date 1st day :: Day,Feiertag :: Datum 1. Tag :: Tag,i16,,,0-31,,,TRUE,TRUE,
0x1351,holiday_begin_month,4.3.1,Time program :: Holiday,7.4,HC1,HC2,,Holiday :: Date 1st day :: Month,Feiertag :: Datum 1. Tag :: Monat,i16,,,0-12,,,TRUE,TRUE,
0x1352,holiday_begin_year,4.3.1,Time program :: Holiday,7.4,HC1,HC2,,Holiday :: Date 1st day :: Year,Feiertag :: Datum 1. Tag :: Jahr,i16,,,0-49,,,TRUE,TRUE,
0x1353,holiday_end_day,4.3.1,Time program :: Holiday,7.4,HC1,HC2,,Holiday :: Date last day :: Day,Feiertag :: Datum letzter Tag :: Tag,i16,,,0-31,,,TRUE,TRUE,
0x1354,holiday_end_month,4.3.1,Time program :: Holiday,7.4,HC1,HC2,,Holiday :: Date last day :: Month,Feiertag :: Datum letzter Tag :: Monat,i16,,,0-12,,,TRUE,TRUE,
0x1355,holiday_end_year,4.3.1,Time program :: Holiday,7.4,HC1,HC2,,Holiday :: Date last day :: Year,Feiertag :: Datum letzter Tag :: Jahr,i16,,,0-49,,,TRUE,TRUE,
0x1400,hc_auto_1,4.3.2,Time program :: Heating circuit auto. 1,7.4,HC1,HC2,,Heating circuit auto. 1,Heizkreis Automatik 1,timerange,,,,,,FALSE,FALSE,
0x1410,hc_auto_1_mon_1,4.3.2,Time program :: Heating circuit auto. 1,7.4,HC1,HC2,,Heating circuit auto. 1 :: Monday :: Switching cycle 1,Heizkreis Automatik 1 :: Montag :: Schaltzyklus 1,timerange,,,,,06:00-22:00,TRUE,TRUE,
0x1411,hc_auto_1_mon_2,4.3.2,Time program :: Heating circuit auto. 1,7.4,HC1,HC2,,Heating circuit auto. 1 :: Monday :: Switching cycle 2,Heizkreis Automatik 1 :: Montag :: Schaltzyklus 2,timerange,,,,,00:00-00:00,TRUE,TRUE,
0x1412,hc_auto_1_mon_3,4.3.2,Time program :: Heating circuit auto. 1,7.4,HC1,HC2,,Heating circuit auto. 1 :: Monday :: Switching cycle 3,Heizkreis Automatik 1 :: Montag :: Schaltzyklus 3,timerange,,,,,00:00-00:00,TRUE,TRUE,
0x1420,hc_auto_1_tue_1,4.3.2,Time program :: Heating circuit auto. 1,7.4,HC1,HC2,,Heating circuit auto. 1 :: Tuesday :: Switching cycle 1,Heizkreis Automatik 1 :: Dienstag :: Schaltzyklus 1,timerange,,,,,06:00-22:00,TRUE,TRUE,
0x1421,hc_auto_1_tue_2,4.3.2,Time program :: Heating circuit auto. 1,7.4,HC1,HC2,,Heating circuit auto. 1 :: Tuesday :: Switching cycle 2,Heizkreis Automatik 1 :: Dienstag :: Schaltzyklus 2,timerange,,,,,00:00-00:00,TRUE,TRUE,
0x1422,hc_auto_1_tue_3,4.3.2,Time program :: Heating circuit auto. 1,7.4,HC1,HC2,,Heating circuit auto. 1 :: Tuesday :: Switching cycle 3,Heizkreis Automatik 1 :: Dienstag :: Schaltzyklus 3,timerange,,,,,00:00-00:00,TRUE,TRUE,
0x1430,hc_auto_1_wed_1,4.3.2,Time program :: Heating circuit auto. 1,7.4,HC1,HC2,,Heating circuit auto. 1 :: Wednesday :: Switching cycle 1,Heizkreis Automatik 1 :: Mittwoch :: Schaltzyklus 1,timerange,,,,,06:00-22:00,TRUE,TRUE,
0x1431,hc_auto_1_wed_2,4.3.2,Time program :: Heating circuit auto. 1,7.4,HC1,HC2,,Heating circuit auto. 1 :: Wednesday :: Switching cycle 2,Heizkreis Automatik 1 :: Mittwoch :: Schaltzyklus 2,timerange,,,,,00:00-00:00,TRUE,TRUE,
0x1432,hc_auto_1_wed_3,4.3.2,Time program :: Heating circuit auto. 1,7.4,HC1,HC2,,Heating circuit auto. 1 :: Wednesday :: Switching cycle 3,Heizkreis Automatik 1 :: Mittwoch :: Schaltzyklus 3,timerange,,,,,00:00-00:00,TRUE,TRUE,
0x1440,hc_auto_1_thu_1,4.3.2,Time program :: Heating circuit auto. 1,7.4,HC1,HC2,,Heating circuit auto. 1 :: Thursday :: Switching cycle 1,Heizkreis Automatik 1 :: Donnerstag :: Schaltzyklus 1,timerange,,,,,06:00-22:00,TRUE,TRUE,
0x1441,hc_auto_1_thu_2,4.3.2,Time program :: Heating circuit auto. 1,7.4,HC1,HC2,,Heating circuit auto. 1 :: Thursday :: Switching cycle 2,Heizkreis Automatik 1 :: Donnerstag :: Schaltzyklus 2,timerange,,,,,00:00-00:00,TRUE,TRUE,
0x1442,hc_auto_1_thu_3,4.3.2,Time program :: Heating circuit auto. 1,7.4,HC1,HC2,,Heating circuit auto. 1 :: Thursday :: Switching cycle 3,Heizkreis Automatik 1 :: Donnerstag :: Schaltzyklus 3,timerange,,,,,00:00-00:00,TRUE,TRUE,
0x1450,hc_auto_1_fri_1,4.3.2,Time program :: Heating circuit auto. 1,7.4,HC1,HC2,,Heating circuit auto. 1 :: Friday :: Switching cycle 1,Heizkreis Automatik 1 :: Freitag :: Schaltzyklus 1,timerange,,,,,06:00-22:00,TRUE,TRUE,
0x1451,hc_auto_1_fri_2,4.3.2,Time program :: Heating circuit auto. 1,7.4,HC1,HC2,,Heating circuit auto. 1 :: Friday :: Switching cycle 2,Heizkreis Automatik 1 :: Freitag :: Schaltzyklus 2,timerange,,,,,00:00-00:00,TRUE,TRUE,
0x1452,hc_auto_1_fri_3,4.3.2,Time program :: Heating circuit auto. 1,7.4,HC1,HC2,,Heating circuit auto. 1 :: Friday :: Switching cycle 3,Heizkreis Automatik 1 :: Freitag :: Schaltzyklus 3,timerange,,,,,00:00-00:00,TRUE,TRUE,
0x1460,hc_auto_1_sat_1,4.3.2,Time program :: Heating circuit auto. 1,7.4,HC1,HC2,,Heating circuit auto. 1 :: Saturday :: Switching cycle 1,Heizkreis Automatik 1 :: Samstag :: Schaltzyklus 1,timerange,,,,,07:00-23:00,TRUE,TRUE,
0x1461,hc_auto_1_sat_2,4.3.2,Time program :: Heating circuit auto. 1,7.4,HC1,HC2,,Heating circuit auto. 1 :: Saturday :: Switching cycle 2,Heizkreis Automatik 1 :: Samstag :: Schaltzyklus 2,timerange,,,,,00:00-00:00,TRUE,TRUE,
0x1462,hc_auto_1_sat_3,4.3.2,Time program :: Heating circuit auto. 1,7.4,HC1,HC2,,Heating circuit auto. 1 :: Saturday :: Switching cycle 3,Heizkreis Automatik 1 :: Samstag :: Schaltzyklus 3,timerange,,,,,00:00-00:00,TRUE,TRUE,
0x1470,hc_auto_1_sun_1,4.3.2,Time program :: Heating circuit auto. 1,7.4,HC1,HC2,,Heating circuit auto. 1 :: Sunday :: Switching cycle 1,Heizkreis Automatik 1 :: Sonntag :: Schaltzyklus 1,timerange,,,,,07:00-23:00,TRUE,TRUE,
0x1471,hc_auto_1_sun_2,4.3.2,Time program :: Heating circuit auto. 1,7.4,HC1,HC2,,Heating circuit auto. 1 :: Sunday :: Switching cycle 2,Heizkreis Automatik 1 :: Sonntag :: Schaltzyklus 2,timerange,,,,,00:00-00:00,TRUE,TRUE,
0x1472,hc_auto_1_sun_3,4.3.2,Time program :: Heating circuit auto. 1,7.4,HC1,HC2,,Heating circuit auto. 1 :: Sunday :: Switching cycle 3,Heizkreis Automatik 1 :: Sonntag :: Schaltzyklus 3,timerange,,,,,00:00-00:00,TRUE,TRUE,
0x1480,hc_auto_1_mon_fri_1,4.3.2,Time program :: Heating circuit auto. 1,7.4,HC1,HC2,,Heating circuit auto. 1 :: Monday – Friday :: Switching cycle 1,Heizkreis Automatik 1 :: Montag – Freitag :: Schaltzyklus 1,timerange,,,,,,TRUE,TRUE,
0x1481,hc_auto_1_mon_fri_2,4.3.2,Time program :: Heating circuit auto. 1,7.4,HC1,HC2,,Heating circuit auto. 1 :: Monday – Friday :: Switching cycle 2,Heizkreis Automatik 1 :: Montag – Freitag :: Schaltzyklus 2,timerange,,,,,,TRUE,TRUE,
0x1482,hc_auto_1_mon_fri_3,4.3.2,Time program :: Heating circuit auto. 1,7.4,HC1,HC2,,Heating circuit auto. 1 :: Monday – Friday :: Switching cycle 3,Heizkreis Automatik 1 :: Montag – Freitag :: Schaltzyklus 3,timerange,,,,,,TRUE,TRUE,
0x1490,hc_auto_1_sat_sun_1,4.3.2,Time program :: Heating circuit auto. 1,7.4,HC1,HC2,,"Heating circuit auto. 1 :: Saturday, Sunday :: Switching cycle 1","Heizkreis Automatik 1 :: Samstag, Sonntag :: Schaltzyklus 1",timerange,,,,,,TRUE,TRUE,
0x1491,hc_auto_1_sat_sun_2,4.3.2,Time program :: Heating circuit auto. 1,7.4,HC1,HC2,,"Heating circuit auto. 1 :: Saturday, Sunday :: Switching cycle 2","Heizkreis Automatik 1 :: Samstag, Sonntag :: Schaltzyklus 2",timerange,,,,,,TRUE,TRUE,
0x1492,hc_auto_1_sat_sun_3,4.3.2,Time program :: Heating circuit auto. 1,7.4,HC1,HC2,,"Heating circuit auto. 1 :: Saturday, Sunday :: Switching cycle 3","Heizkreis Automatik 1 :: Samstag, Sonntag :: Schaltzyklus 3",timerange,,,,,,TRUE,TRUE,
0x14a0,hc_auto_1_mon_sun_1,4.3.2,Time program :: Heating circuit auto. 1,7.4,HC1,HC2,,Heating circuit auto. 1 :: Monday – Sunday :: Switching cycle 1,Heizkreis Automatik 1 :: Montag – Sonntag :: Schaltzyklus 1,timerange,,,,,,TRUE,TRUE,
0x14a1,hc_auto_1_mon_sun_2,4.3.2,Time program :: Heating circuit auto. 1,7.4,HC1,HC2,,Heating circuit auto. 1 :: Monday – Sunday :: Switching cycle 2,Heizkreis Automatik 1 :: Montag – Sonntag :: Schaltzyklus 2,timerange,,,,,,TRUE,TRUE,
0x14a2,hc_auto_1_mon_sun_3,4.3.2,Time program :: Heating circuit auto. 1,7.4,HC1,HC2,,Heating circuit auto. 1 :: Monday – Sunday :: Switching cycle 3,Heizkreis Automatik 1 :: Montag – Sonntag :: Schaltzyklus 3,timerange,,,,,,TRUE,TRUE,
0x14b0,hc_auto_1_mon_thu_1,4.3.2,Time program :: Heating circuit auto. 1,7.4,HC1,HC2,,Heating circuit auto. 1 :: Monday – Thursday :: Switching cycle 1,Heizkreis Automatik 1 :: Montag – Donnerstag :: Schaltzyklus 1,timerange,,,,,,FALSE,FALSE,That's weird? What is Mon-Thu good for?
0x14b1,hc_auto_1_mon_thu_2,4.3.2,Time program :: Heating circuit auto. 1,7.4,HC1,HC2,,Heating circuit auto. 1 :: Monday – Thursday :: Switching cycle 2,Heizkreis Automatik 1 :: Montag – Donnerstag :: Schaltzyklus 2,timerange,,,,,,FALSE,FALSE,That's weird? What is Mon-Thu good for?
0x14b2,hc_auto_1_mon_thu_3,4.3.2,Time program :: Heating circuit auto. 1,7.4,HC1,HC2,,Heating circuit auto. 1 :: Monday – Thursday :: Switching cycle 3,Heizkreis Automatik 1 :: Montag – Donnerstag :: Schaltzyklus 3,timerange,,,,,,FALSE,FALSE,That's weird? What is Mon-Thu good for?
0x1500,hc_auto_2,4.3.2,Time program :: Heating circuit auto. 2,7.4,HC1,HC2,,Heating circuit auto. 2,Heizkreis Automatik 2,timerange,,,,,,FALSE,FALSE,
0x1510,hc_auto_2_mon_1,4.3.2,Time program :: Heating circuit auto. 2,7.4,HC1,HC2,,Heating circuit auto. 2 :: Monday :: Switching cycle 1,Heizkreis Automatik 2 :: Montag :: Schaltzyklus 1,timerange,,,,,06:00-08:00,TRUE,TRUE,
0x1511,hc_auto_2_mon_2,4.3.2,Time program :: Heating circuit auto. 2,7.4,HC1,HC2,,Heating circuit auto. 2 :: Monday :: Switching cycle 2,Heizkreis Automatik 2 :: Montag :: Schaltzyklus 2,timerange,,,,,00:00-00:00,TRUE,TRUE,
0x1512,hc_auto_2_mon_3,4.3.2,Time program :: Heating circuit auto. 2,7.4,HC1,HC2,,Heating circuit auto. 2 :: Monday :: Switching cycle 3,Heizkreis Automatik 2 :: Montag :: Schaltzyklus 3,timerange,,,,,00:00-00:00,TRUE,TRUE,
0x1520,hc_auto_2_tue_1,4.3.2,Time program :: Heating circuit auto. 2,7.4,HC1,HC2,,Heating circuit auto. 2 :: Tuesday :: Switching cycle 1,Heizkreis Automatik 2 :: Dienstag :: Schaltzyklus 1,timerange,,,,,06:00-08:00,TRUE,TRUE,
0x1521,hc_auto_2_tue_2,4.3.2,Time program :: Heating circuit auto. 2,7.4,HC1,HC2,,Heating circuit auto. 2 :: Tuesday :: Switching cycle 2,Heizkreis Automatik 2 :: Dienstag :: Schaltzyklus 2,timerange,,,,,00:00-00:00,TRUE,TRUE,
0x1522,hc_auto_2_tue_3,4.3.2,Time program :: Heating circuit auto. 2,7.4,HC1,HC2,,Heating circuit auto. 2 :: Tuesday :: Switching cycle 3,Heizkreis Automatik 2 :: Dienstag :: Schaltzyklus 3,timerange,,,,,00:00-00:00,TRUE,TRUE,
0x1530,hc_auto_2_wed_1,4.3.2,Time program :: Heating circuit auto. 2,7.4,HC1,HC2,,Heating circuit auto. 2 :: Wednesday :: Switching cycle 1,Heizkreis Automatik 2 :: Mittwoch :: Schaltzyklus 1,timerange,,,,,06:00-08:00,TRUE,TRUE,
0x1531,hc_auto_2_wed_2,4.3.2,Time program :: Heating circuit auto. 2,7.4,HC1,HC2,,Heating circuit auto. 2 :: Wednesday :: Switching cycle 2,Heizkreis Automatik 2 :: Mittwoch :: Schaltzyklus 2,timerange,,,,,00:00-00:00,TRUE,TRUE,
0x1532,hc_auto_2_wed_3,4.3.2,Time program :: Heating circuit auto. 2,7.4,HC1,HC2,,Heating circuit auto. 2 :: Wednesday :: Switching cycle 3,Heizkreis Automatik 2 :: Mittwoch :: Schaltzyklus 3,timerange,,,,,00:00-00:00,TRUE,TRUE,
0x1540,hc_auto_2_thu_1,4.3.2,Time program :: Heating circuit auto. 2,7.4,HC1,HC2,,Heating circuit auto. 2 :: Thursday :: Switching cycle 1,Heizkreis Automatik 2 :: Donnerstag :: Schaltzyklus 1,timerange,,,,,06:00-08:00,TRUE,TRUE,
0x1541,hc_auto_2_thu_2,4.3.2,Time program :: Heating circuit auto. 2,7.4,HC1,HC2,,Heating circuit auto. 2 :: Thursday :: Switching cycle 2,Heizkreis Automatik 2 :: Donnerstag :: Schaltzyklus 2,timerange,,,,,00:00-00:00,TRUE,TRUE,
0x1542,hc_auto_2_thu_3,4.3.2,Time program :: Heating circuit auto. 2,7.4,HC1,HC2,,Heating circuit auto. 2 :: Thursday :: Switching cycle 3,Heizkreis Automatik 2 :: Donnerstag :: Schaltzyklus 3,timerange,,,,,00:00-00:00,TRUE,TRUE,
0x1550,hc_auto_2_fri_1,4.3.2,Time program :: Heating circuit auto. 2,7.4,HC1,HC2,,Heating circuit auto. 2 :: Friday :: Switching cycle 1,Heizkreis Automatik 2 :: Freitag :: Schaltzyklus 1,timerange,,,,,06:00-08:00,TRUE,TRUE,
0x1551,hc_auto_2_fri_2,4.3.2,Time program :: Heating circuit auto. 2,7.4,HC1,HC2,,Heating circuit auto. 2 :: Friday :: Switching cycle 2,Heizkreis Automatik 2 :: Freitag :: Schaltzyklus 2,timerange,,,,,00:00-00:00,TRUE,TRUE,
0x1552,hc_auto_2_fri_3,4.3.2,Time program :: Heating circuit auto. 2,7.4,HC1,HC2,,Heating circuit auto. 2 :: Friday :: Switching cycle 3,Heizkreis Automatik 2 :: Freitag :: Schaltzyklus 3,timerange,,,,,00:00-00:00,TRUE,TRUE,
0x1560,hc_auto_2_sat_1,4.3.2,Time program :: Heating circuit auto. 2,7.4,HC1,HC2,,Heating circuit auto. 2 :: Saturday :: Switching cycle 1,Heizkreis Automatik 2 :: Samstag :: Schaltzyklus 1,timerange,,,,,07:00-23:00,TRUE,TRUE,
0x1561,hc_auto_2_sat_2,4.3.2,Time program :: Heating circuit auto. 2,7.4,HC1,HC2,,Heating circuit auto. 2 :: Saturday :: Switching cycle 2,Heizkreis Automatik 2 :: Samstag :: Schaltzyklus 2,timerange,,,,,00:00-00:00,TRUE,TRUE,
0x1562,hc_auto_2_sat_3,4.3.2,Time program :: Heating circuit auto. 2,7.4,HC1,HC2,,Heating circuit auto. 2 :: Saturday :: Switching cycle 3,Heizkreis Automatik 2 :: Samstag :: Schaltzyklus 3,timerange,,,,,00:00-00:00,TRUE,TRUE,
0x1570,hc_auto_2_sun_1,4.3.2,Time program :: Heating circuit auto. 2,7.4,HC1,HC2,,Heating circuit auto. 2 :: Sunday :: Switching cycle 1,Heizkreis Automatik 2 :: Sonntag :: Schaltzyklus 1,timerange,,,,,07:00-23:00,TRUE,TRUE,
0x1571,hc_auto_2_sun_2,4.3.2,Time program :: Heating circuit auto. 2,7.4,HC1,HC2,,Heating circuit auto. 2 :: Sunday :: Switching cycle 2,Heizkreis Automatik 2 :: Sonntag :: Schaltzyklus 2,timerange,,,,,,TRUE,TRUE,
0x1572,hc_auto_2_sun_3,4.3.2,Time program :: Heating circuit auto. 2,7.4,HC1,HC2,,Heating circuit auto. 2 :: Sunday :: Switching cycle 3,Heizkreis Automatik 2 :: Sonntag :: Schaltzyklus 3,timerange,,,,,,TRUE,TRUE,
0x1580,hc_auto_2_mon_fri_1,4.3.2,Time program :: Heating circuit auto. 2,7.4,HC1,HC2,,Heating circuit auto. 2 :: Monday – Friday :: Switching cycle 1,Heizkreis Automatik 2 :: Montag – Freitag :: Schaltzyklus 1,timerange,,,,,,TRUE,TRUE,
0x1581,hc_auto_2_mon_fri_2,4.3.2,Time program :: Heating circuit auto. 2,7.4,HC1,HC2,,Heating circuit auto. 2 :: Monday – Friday :: Switching cycle 2,Heizkreis Automatik 2 :: Montag – Freitag :: Schaltzyklus 2,timerange,,,,,,TRUE,TRUE,
0x1582,hc_auto_2_mon_fri_3,4.3.2,Time program :: Heating circuit auto. 2,7.4,HC1,HC2,,Heating circuit auto. 2 :: Monday – Friday :: Switching cycle 3,Heizkreis Automatik 2 :: Montag – Freitag :: Schaltzyklus 3,timerange,,,,,,TRUE,TRUE,
0x1590,hc_auto_2_sat_sun_1,4.3.2,Time program :: Heating circuit auto. 2,7.4,HC1,HC2,,"Heating circuit auto. 2 :: Saturday, Sunday :: Switching cycle 1","Heizkreis Automatik 2 :: Samstag, Sonntag :: Schaltzyklus 1",timerange,,,,,,TRUE,TRUE,
0x1591,hc_auto_2_sat_sun_2,4.3.2,Time program :: Heating circuit auto. 2,7.4,HC1,HC2,,"Heating circuit auto. 2 :: Saturday, Sunday :: Switching cycle 2","Heizkreis Automatik 2 :: Samstag, Sonntag :: Schaltzyklus 2",timerange,,,,,,TRUE,TRUE,
0x1592,hc_auto_2_sat_sun_3,4.3.2,Time program :: Heating circuit auto. 2,7.4,HC1,HC2,,"Heating circuit auto. 2 :: Saturday, Sunday :: Switching cycle 3","Heizkreis Automatik 2 :: Samstag, Sonntag :: Schaltzyklus 3",timerange,,,,,,TRUE,TRUE,
0x15a0,hc_auto_2_mon_sun_1,4.3.2,Time program :: Heating circuit auto. 2,7.4,HC1,HC2,,Heating circuit auto. 2 :: Monday – Sunday :: Switching cycle 1,Heizkreis Automatik 2 :: Montag – Sonntag :: Schaltzyklus 1,timerange,,,,,,TRUE,TRUE,
0x15a1,hc_auto_2_mon_sun_2,4.3.2,Time program :: Heating circuit auto. 2,7.4,HC1,HC2,,Heating circuit auto. 2 :: Monday – Sunday :: Switching cycle 2,Heizkreis Automatik 2 :: Montag – Sonntag :: Schaltzyklus 2,timerange,,,,,,TRUE,TRUE,
0x15a2,hc_auto_2_mon_sun_3,4.3.2,Time program :: Heating circuit auto. 2,7.4,HC1,HC2,,Heating circuit auto. 2 :: Monday – Sunday :: Switching cycle 3,Heizkreis Automatik 2 :: Montag – Sonntag :: Schaltzyklus 3,timerange,,,,,,TRUE,TRUE,
0x15b0,hc_auto_2_mon_thu_1,4.3.2,Time program :: Heating circuit auto. 2,7.4,HC1,HC2,,Heating circuit auto. 2 :: Monday – Thursday :: Switching cycle 1,Heizkreis Automatik 2 :: Montag – Donnerstag :: Schaltzyklus 1,timerange,,,,,,FALSE,FALSE,
0x15b1,hc_auto_2_mon_thu_2,4.3.2,Time program :: Heating circuit auto. 2,7.4,HC1,HC2,,Heating circuit auto. 2 :: Monday – Thursday :: Switching cycle 2,Heizkreis Automatik 2 :: Montag – Donnerstag :: Schaltzyklus 2,timerange,,,,,,FALSE,FALSE,
0x15b2,hc_auto_2_mon_thu_3,4.3.2,Time program :: Heating circuit auto. 2,7.4,HC1,HC2,,Heating circuit auto. 2 :: Monday – Thursday :: Switching cycle 3,Heizkreis Automatik 2 :: Montag – Donnerstag :: Schaltzyklus 3,timerange,,,,,,FALSE,FALSE,
0x1700,dhw_auto_1,4.3.2,Time program :: Hot water auto. 1,7.4,HG1,,,Hot water auto. 1,Warmwasserprogramm 1,timerange,,,,,,FALSE,FALSE,
0x1710,dhw_auto_1_mon_1,4.3.2,Time program :: Hot water auto. 1,7.4,HG1,,,Hot water auto. 1 :: Monday :: Switching cycle 1,Warmwasserprogramm 1 :: Montag :: Schaltzeit 1,timerange,,,,,00:00-23:45,TRUE,TRUE,
0x1711,dhw_auto_1_mon_2,4.3.2,Time program :: Hot water auto. 1,7.4,HG1,,,Hot water auto. 1 :: Monday :: Switching cycle 2,Warmwasserprogramm 1 :: Montag :: Schaltzeit 2,timerange,,,,,00:00-00:00,TRUE,TRUE,
0x1712,dhw_auto_1_mon_3,4.3.2,Time program :: Hot water auto. 1,7.4,HG1,,,Hot water auto. 1 :: Monday :: Switching cycle 3,Warmwasserprogramm 1 :: Montag :: Schaltzeit 3,timerange,,,,,00:00-00:00,TRUE,TRUE,
0x1720,dhw_auto_1_tue_1,4.3.2,Time program :: Hot water auto. 1,7.4,HG1,,,Hot water auto. 1 :: Tuesday :: Switching cycle 1,Warmwasserprogramm 1 :: Dienstag :: Schaltzeit 1,timerange,,,,,00:00-23:45,TRUE,TRUE,
0x1721,dhw_auto_1_tue_2,4.3.2,Time program :: Hot water auto. 1,7.4,HG1,,,Hot water auto. 1 :: Tuesday :: Switching cycle 2,Warmwasserprogramm 1 :: Dienstag :: Schaltzeit 2,timerange,,,,,00:00-00:00,TRUE,TRUE,
0x1722,dhw_auto_1_tue_3,4.3.2,Time program :: Hot water auto. 1,7.4,HG1,,,Hot water auto. 1 :: Tuesday :: Switching cycle 3,Warmwasserprogramm 1 :: Dienstag :: Schaltzeit 3,timerange,,,,,00:00-00:00,TRUE,TRUE,
0x1730,dhw_auto_1_wed_1,4.3.2,Time program :: Hot water auto. 1,7.4,HG1,,,Hot water auto. 1 :: Wednesday :: Switching cycle 1,Warmwasserprogramm 1 :: Mittwoch :: Schaltzeit 1,timerange,,,,,00:00-23:45,TRUE,TRUE,
0x1731,dhw_auto_1_wed_2,4.3.2,Time program :: Hot water auto. 1,7.4,HG1,,,Hot water auto. 1 :: Wednesday :: Switching cycle 2,Warmwasserprogramm 1 :: Mittwoch :: Schaltzeit 2,timerange,,,,,00:00-00:00,TRUE,TRUE,
0x1732,dhw_auto_1_wed_3,4.3.2,Time program :: Hot water auto. 1,7.4,HG1,,,Hot water auto. 1 :: Wednesday :: Switching cycle 3,Warmwasserprogramm 1 :: Mittwoch :: Schaltzeit 3,timerange,,,,,00:00-00:00,TRUE,TRUE,
0x1740,dhw_auto_1_thu_1,4.3.2,Time program :: Hot water auto. 1,7.4,HG1,,,Hot water auto. 1 :: Thursday :: Switching cycle 1,Warmwasserprogramm 1 :: Donnerstag :: Schaltzeit 1,timerange,,,,,00:00-23:45,TRUE,TRUE,
0x1741,dhw_auto_1_thu_2,4.3.2,Time program :: Hot water auto. 1,7.4,HG1,,,Hot water auto. 1 :: Thursday :: Switching cycle 2,Warmwasserprogramm 1 :: Donnerstag :: Schaltzeit 2,timerange,,,,,00:00-00:00,TRUE,TRUE,
0x1742,dhw_auto_1_thu_3,4.3.2,Time program :: Hot water auto. 1,7.4,HG1,,,Hot water auto. 1 :: Thursday :: Switching cycle 3,Warmwasserprogramm 1 :: Donnerstag :: Schaltzeit 3,timerange,,,,,00:00-00:00,TRUE,TRUE,
0x1750,dhw_auto_1_fri_1,4.3.2,Time program :: Hot water auto. 1,7.4,HG1,,,Hot water auto. 1 :: Friday :: Switching cycle 1,Warmwasserprogramm 1 :: Freitag :: Schaltzeit 1,timerange,,,,,00:00-23:45,TRUE,TRUE,
0x1751,dhw_auto_1_fri_2,4.3.2,Time program :: Hot water auto. 1,7.4,HG1,,,Hot water auto. 1 :: Friday :: Switching cycle 2,Warmwasserprogramm 1 :: Freitag :: Schaltzeit 2,timerange,,,,,00:00-00:00,TRUE,TRUE,
0x1752,dhw_auto_1_fri_3,4.3.2,Time program :: Hot water auto. 1,7.4,HG1,,,Hot water auto. 1 :: Friday :: Switching cycle 3,Warmwasserprogramm 1 :: Freitag :: Schaltzeit 3,timerange,,,,,00:00-00:00,TRUE,TRUE,
0x1760,dhw_auto_1_sat_1,4.3.2,Time program :: Hot water auto. 1,7.4,HG1,,,Hot water auto. 1 :: Saturday :: Switching cycle 1,Warmwasserprogramm 1 :: Samstag :: Schaltzeit 1,timerange,,,,,00:00-23:45,TRUE,TRUE,
0x1761,dhw_auto_1_sat_2,4.3.2,Time program :: Hot water auto. 1,7.4,HG1,,,Hot water auto. 1 :: Saturday :: Switching cycle 2,Warmwasserprogramm 1 :: Samstag :: Schaltzeit 2,timerange,,,,,00:00-00:00,TRUE,TRUE,
0x1762,dhw_auto_1_sat_3,4.3.2,Time program :: Hot water auto. 1,7.4,HG1,,,Hot water auto. 1 :: Saturday :: Switching cycle 3,Warmwasserprogramm 1 :: Samstag :: Schaltzeit 3,timerange,,,,,00:00-00:00,TRUE,TRUE,
0x1770,dhw_auto_1_sun_1,4.3.2,Time program :: Hot water auto. 1,7.4,HG1,,,Hot water auto. 1 :: Sunday :: Switching cycle 1,Warmwasserprogramm 1 :: Sonntag :: Schaltzeit 1,timerange,,,,,00:00-23:45,TRUE,TRUE,
0x1771,dhw_auto_1_sun_2,4.3.2,Time program :: Hot water auto. 1,7.4,HG1,,,Hot water auto. 1 :: Sunday :: Switching cycle 2,Warmwasserprogramm 1 :: Sonntag :: Schaltzeit 2,timerange,,,,,00:00-00:00,TRUE,TRUE,
0x1772,dhw_auto_1_sun_3,4.3.2,Time program :: Hot water auto. 1,7.4,HG1,,,Hot water auto. 1 :: Sunday :: Switching cycle 3,Warmwasserprogramm 1 :: Sonntag :: Schaltzeit 3,timerange,,,,,00:00-00:00,TRUE,TRUE,
0x1780,dhw_auto_1_mon_fri_1,4.3.2,Time program :: Hot water auto. 1,7.4,HG1,,,Hot water auto. 1 :: Monday to Friday :: Switching cycle 1,Warmwasserprogramm 1 :: Montag – Freitag :: Schaltzeit 1,timerange,,,,,,TRUE,TRUE,
0x1781,dhw_auto_1_mon_fri_2,4.3.2,Time program :: Hot water auto. 1,7.4,HG1,,,Hot water auto. 1 :: Monday to Friday :: Switching cycle 2,Warmwasserprogramm 1 :: Montag – Freitag :: Schaltzeit 2,timerange,,,,,,TRUE,TRUE,
0x1782,dhw_auto_1_mon_fri_3,4.3.2,Time program :: Hot water auto. 1,7.4,HG1,,,Hot water auto. 1 :: Monday to Friday :: Switching cycle 3,Warmwasserprogramm 1 :: Montag – Freitag :: Schaltzeit 3,timerange,,,,,,TRUE,TRUE,
0x1790,dhw_auto_1_sat_sun_1,4.3.2,Time program :: Hot water auto. 1,7.4,HG1,,,Hot water auto. 1 :: Saturday to Sunday :: Switching cycle 1,Warmwasserprogramm 1 :: Samstag und Sonntag :: Schaltzeit 1,timerange,,,,,,TRUE,TRUE,
0x1791,dhw_auto_1_sat_sun_2,4.3.2,Time program :: Hot water auto. 1,7.4,HG1,,,Hot water auto. 1 :: Saturday to Sunday :: Switching cycle 2,Warmwasserprogramm 1 :: Samstag und Sonntag :: Schaltzeit 2,timerange,,,,,,TRUE,TRUE,
0x1792,dhw_auto_1_sat_sun_3,4.3.2,Time program :: Hot water auto. 1,7.4,HG1,,,Hot water auto. 1 :: Saturday to Sunday :: Switching cycle 3,Warmwasserprogramm 1 :: Samstag und Sonntag :: Schaltzeit 3,timerange,,,,,,TRUE,TRUE,
0x17a0,dhw_auto_1_mon_sun_1,4.3.2,Time program :: Hot water auto. 1,7.4,HG1,,,Hot water auto. 1 :: Monday to Sunday :: Switching cycle 1,Warmwasserprogramm 1 :: Montag – Sonntag :: Schaltzeit 1,timerange,,,,,,TRUE,TRUE,
0x17a1,dhw_auto_1_mon_sun_2,4.3.2,Time program :: Hot water auto. 1,7.4,HG1,,,Hot water auto. 1 :: Monday to Sunday :: Switching cycle 2,Warmwasserprogramm 1 :: Montag – Sonntag :: Schaltzeit 2,timerange,,,,,,TRUE,TRUE,
0x17a2,dhw_auto_1_mon_sun_3,4.3.2,Time program :: Hot water auto. 1,7.4,HG1,,,Hot water auto. 1 :: Monday to Sunday :: Switching cycle 3,Warmwasserprogramm 1 :: Montag – Sonntag :: Schaltzeit 3,timerange,,,,,,TRUE,TRUE,
0x17b0,dhw_auto_1_mon_tue_1,4.3.2,Time program :: Hot water auto. 1,7.4,HG1,,,Hot water auto. 1 :: Monday to Thursday :: Switching cycle 1,Warmwasserprogramm 1 :: Montag – Donnerstag :: Schaltzeit 1,timerange,,,,,,FALSE,FALSE,
0x17b1,dhw_auto_1_mon_tue_2,4.3.2,Time program :: Hot water auto. 1,7.4,HG1,,,Hot water auto. 1 :: Monday to Thursday :: Switching cycle 2,Warmwasserprogramm 1 :: Montag – Donnerstag :: Schaltzeit 2,timerange,,,,,,FALSE,FALSE,
0x17b2,dhw_auto_1_mon_tue_3,4.3.2,Time program :: Hot water auto. 1,7.4,HG1,,,Hot water auto. 1 :: Monday to Thursday :: Switching cycle 3,Warmwasserprogramm 1 :: Montag – Donnerstag :: Schaltzeit 3,timerange,,,,,,FALSE,FALSE,
0x1800,dhw_auto_2,4.3.2,Time program :: Hot water auto. 2,7.4,HG1,,,Hot water auto. 2,Warmwasserprogramm 2,timerange,,,,,,FALSE,FALSE,
0x1810,dhw_auto_2_mon_1,4.3.2,Time program :: Hot water auto. 2,7.4,HG1,,,Hot water auto. 2 :: Monday :: Switching cycle 1,Warmwasserprogramm 2 :: Montag :: Schaltzeit 1,timerange,,,,,05:00-21:00,TRUE,TRUE,
0x1811,dhw_auto_2_mon_2,4.3.2,Time program :: Hot water auto. 2,7.4,HG1,,,Hot water auto. 2 :: Monday :: Switching cycle 2,Warmwasserprogramm 2 :: Montag :: Schaltzeit 2,timerange,,,,,00:00-00:00,TRUE,TRUE,
0x1812,dhw_auto_2_mon_3,4.3.2,Time program :: Hot water auto. 2,7.4,HG1,,,Hot water auto. 2 :: Monday :: Switching cycle 3,Warmwasserprogramm 2 :: Montag :: Schaltzeit 3,timerange,,,,,00:00-00:00,TRUE,TRUE,
0x1820,dhw_auto_2_tue_1,4.3.2,Time program :: Hot water auto. 2,7.4,HG1,,,Hot water auto. 2 :: Tuesday :: Switching cycle 1,Warmwasserprogramm 2 :: Dienstag :: Schaltzeit 1,timerange,,,,,05:00-21:00,TRUE,TRUE,
0x1821,dhw_auto_2_tue_2,4.3.2,Time program :: Hot water auto. 2,7.4,HG1,,,Hot water auto. 2 :: Tuesday :: Switching cycle 2,Warmwasserprogramm 2 :: Dienstag :: Schaltzeit 2,timerange,,,,,00:00-00:00,TRUE,TRUE,
0x1822,dhw_auto_2_tue_3,4.3.2,Time program :: Hot water auto. 2,7.4,HG1,,,Hot water auto. 2 :: Tuesday :: Switching cycle 3,Warmwasserprogramm 2 :: Dienstag :: Schaltzeit 3,timerange,,,,,00:00-00:00,TRUE,TRUE,
0x1830,dhw_auto_2_wed_1,4.3.2,Time program :: Hot water auto. 2,7.4,HG1,,,Hot water auto. 2 :: Wednesday :: Switching cycle 1,Warmwasserprogramm 2 :: Mittwoch :: Schaltzeit 1,timerange,,,,,05:00-21:00,TRUE,TRUE,
0x1831,dhw_auto_2_wed_2,4.3.2,Time program :: Hot water auto. 2,7.4,HG1,,,Hot water auto. 2 :: Wednesday :: Switching cycle 2,Warmwasserprogramm 2 :: Mittwoch :: Schaltzeit 2,timerange,,,,,00:00-00:00,TRUE,TRUE,
0x1832,dhw_auto_2_wed_3,4.3.2,Time program :: Hot water auto. 2,7.4,HG1,,,Hot water auto. 2 :: Wednesday :: Switching cycle 3,Warmwasserprogramm 2 :: Mittwoch :: Schaltzeit 3,timerange,,,,,00:00-00:00,TRUE,TRUE,
0x1840,dhw_auto_2_thu_1,4.3.2,Time program :: Hot water auto. 2,7.4,HG1,,,Hot water auto. 2 :: Thursday :: Switching cycle 1,Warmwasserprogramm 2 :: Donnerstag :: Schaltzeit 1,timerange,,,,,05:00-21:00,TRUE,TRUE,
0x1841,dhw_auto_2_thu_2,4.3.2,Time program :: Hot water auto. 2,7.4,HG1,,,Hot water auto. 2 :: Thursday :: Switching cycle 2,Warmwasserprogramm 2 :: Donnerstag :: Schaltzeit 2,timerange,,,,,00:00-00:00,TRUE,TRUE,
0x1842,dhw_auto_2_thu_3,4.3.2,Time program :: Hot water auto. 2,7.4,HG1,,,Hot water auto. 2 :: Thursday :: Switching cycle 3,Warmwasserprogramm 2 :: Donnerstag :: Schaltzeit 3,timerange,,,,,00:00-00:00,TRUE,TRUE,
0x1850,dhw_auto_2_fri_1,4.3.2,Time program :: Hot water auto. 2,7.4,HG1,,,Hot water auto. 2 :: Friday :: Switching cycle 1,Warmwasserprogramm 2 :: Freitag :: Schaltzeit 1,timerange,,,,,05:00-21:00,TRUE,TRUE,
0x1851,dhw_auto_2_fri_2,4.3.2,Time program :: Hot water auto. 2,7.4,HG1,,,Hot water auto. 2 :: Friday :: Switching cycle 2,Warmwasserprogramm 2 :: Freitag :: Schaltzeit 2,timerange,,,,,00:00-00:00,TRUE,TRUE,
0x1852,dhw_auto_2_fri_3,4.3.2,Time program :: Hot water auto. 2,7.4,HG1,,,Hot water auto. 2 :: Friday :: Switching cycle 3,Warmwasserprogramm 2 :: Freitag :: Schaltzeit 3,timerange,,,,,00:00-00:00,TRUE,TRUE,
0x1860,dhw_auto_2_sat_1,4.3.2,Time program :: Hot water auto. 2,7.4,HG1,,,Hot water auto. 2 :: Saturday :: Switching cycle 1,Warmwasserprogramm 2 :: Samstag :: Schaltzeit 1,timerange,,,,,06:00-22:00,TRUE,TRUE,
0x1861,dhw_auto_2_sat_2,4.3.2,Time program :: Hot water auto. 2,7.4,HG1,,,Hot water auto. 2 :: Saturday :: Switching cycle 2,Warmwasserprogramm 2 :: Samstag :: Schaltzeit 2,timerange,,,,,00:00-00:00,TRUE,TRUE,
0x1862,dhw_auto_2_sat_3,4.3.2,Time program :: Hot water auto. 2,7.4,HG1,,,Hot water auto. 2 :: Saturday :: Switching cycle 3,Warmwasserprogramm 2 :: Samstag :: Schaltzeit 3,timerange,,,,,00:00-00:00,TRUE,TRUE,
0x1870,dhw_auto_2_sun_1,4.3.2,Time program :: Hot water auto. 2,7.4,HG1,,,Hot water auto. 2 :: Sunday :: Switching cycle 1,Warmwasserprogramm 2 :: Sonntag :: Schaltzeit 1,timerange,,,,,06:00-22:00,TRUE,TRUE,
0x1871,dhw_auto_2_sun_2,4.3.2,Time program :: Hot water auto. 2,7.4,HG1,,,Hot water auto. 2 :: Sunday :: Switching cycle 2,Warmwasserprogramm 2 :: Sonntag :: Schaltzeit 2,timerange,,,,,00:00-00:00,TRUE,TRUE,
0x1872,dhw_auto_2_sun_3,4.3.2,Time program :: Hot water auto. 2,7.4,HG1,,,Hot water auto. 2 :: Sunday :: Switching cycle 3,Warmwasserprogramm 2 :: Sonntag :: Schaltzeit 3,timerange,,,,,00:00-00:00,TRUE,TRUE,
0x1880,dhw_auto_2_mon_fri_1,4.3.2,Time program :: Hot water auto. 2,7.4,HG1,,,Hot water auto. 2 :: Monday – Friday :: Switching cycle 1,Warmwasserprogramm 2 :: Montag – Freitag :: Schaltzeit 1,timerange,,,,,,TRUE,TRUE,
0x1881,dhw_auto_2_mon_fri_2,4.3.2,Time program :: Hot water auto. 2,7.4,HG1,,,Hot water auto. 2 :: Monday – Friday :: Switching cycle 2,Warmwasserprogramm 2 :: Montag – Freitag :: Schaltzeit 2,timerange,,,,,,TRUE,TRUE,
0x1882,dhw_auto_2_mon_fri_3,4.3.2,Time program :: Hot water auto. 2,7.4,HG1,,,Hot water auto. 2 :: Monday – Friday :: Switching cycle 3,Warmwasserprogramm 2 :: Montag – Freitag :: Schaltzeit 3,timerange,,,,,,TRUE,TRUE,
0x1890,dhw_auto_2_sat_sun_1,4.3.2,Time program :: Hot water auto. 2,7.4,HG1,,,"Hot water auto. 2 :: Saturday, Sunday :: Switching cycle 1","Warmwasserprogramm 2 :: Samstag, Sonntag :: Schaltzeit 1",timerange,,,,,,TRUE,TRUE,
0x1891,dhw_auto_2_sat_sun_2,4.3.2,Time program :: Hot water auto. 2,7.4,HG1,,,"Hot water auto. 2 :: Saturday, Sunday :: Switching cycle 2","Warmwasserprogramm 2 :: Samstag, Sonntag :: Schaltzeit 2",timerange,,,,,,TRUE,TRUE,
0x1892,dhw_auto_2_sat_sun_3,4.3.2,Time program :: Hot water auto. 2,7.4,HG1,,,"Hot water auto. 2 :: Saturday, Sunday :: Switching cycle 3","Warmwasserprogramm 2 :: Samstag, Sonntag :: Schaltzeit 3",timerange,,,,,,TRUE,TRUE,
0x18a0,dhw_auto_2_mon_sun_1,4.3.2,Time program :: Hot water auto. 2,7.4,HG1,,,Hot water auto. 2 :: Monday – Sunday :: Switching cycle 1,Warmwasserprogramm 2 :: Montag – Sonntag :: Schaltzeit 1,timerange,,,,,,TRUE,TRUE,
0x18a1,dhw_auto_2_mon_sun_2,4.3.2,Time program :: Hot water auto. 2,7.4,HG1,,,Hot water auto. 2 :: Monday – Sunday :: Switching cycle 2,Warmwasserprogramm 2 :: Montag – Sonntag :: Schaltzeit 2,timerange,,,,,,TRUE,TRUE,
0x18a2,dhw_auto_2_mon_sun_3,4.3.2,Time program :: Hot water auto. 2,7.4,HG1,,,Hot water auto. 2 :: Monday – Sunday :: Switching cycle 3,Warmwasserprogramm 2 :: Montag – Sonntag :: Schaltzeit 3,timerange,,,,,,TRUE,TRUE,
0x18b0,dhw_auto_2_mon_tue_1,4.3.2,Time program :: Hot water auto. 2,7.4,HG1,,,Hot water auto. 2 :: Monday – Thursday :: Switching cycle 1,Warmwasserprogramm 2 :: Montag – Donnerstag :: Schaltzeit 1,timerange,,,,,,FALSE,FALSE,
0x18b1,dhw_auto_2_mon_tue_2,4.3.2,Time program :: Hot water auto. 2,7.4,HG1,,,Hot water auto. 2 :: Monday – Thursday :: Switching cycle 2,Warmwasserprogramm 2 :: Montag – Donnerstag :: Schaltzeit 2,timerange,,,,,,FALSE,FALSE,
0x18b2,dhw_auto_2_mon_tue_3,4.3.2,Time program :: Hot water auto. 2,7.4,HG1,,,Hot water auto. 2 :: Monday – Thursday :: Switching cycle 3,Warmwasserprogramm 2 :: Montag – Donnerstag :: Schaltzeit 3,timerange,,,,,,FALSE,FALSE,
0x1a10,circulation_mon_1,4.3.2,Time program :: Circulation Program,7.4,HG1,,,Circulation program :: Monday :: Switching cycle 1,Zirkulationsprogramm :: Montag :: Schaltzyklus 1,timerange,,,,,,TRUE,TRUE,
0x1a11,circulation_mon_2,4.3.2,Time program :: Circulation Program,7.4,HG1,,,Circulation program :: Monday :: Switching cycle 2,Zirkulationsprogramm :: Montag :: Schaltzyklus 2,timerange,,,,,,TRUE,TRUE,
0x1a12,circulation_mon_3,4.3.2,Time program :: Circulation Program,7.4,HG1,,,Circulation program :: Monday :: Switching cycle 3,Zirkulationsprogramm :: Montag :: Schaltzyklus 3,timerange,,,,,,TRUE,TRUE,
0x1a20,circulation_tue_1,4.3.2,Time program :: Circulation Program,7.4,HG1,,,Circulation program :: Tuesday :: Switching cycle 1,Zirkulationsprogramm :: Dienstag :: Schaltzyklus 1,timerange,,,,,,TRUE,TRUE,
0x1a21,circulation_tue_2,4.3.2,Time program :: Circulation Program,7.4,HG1,,,Circulation program :: Tuesday :: Switching cycle 2,Zirkulationsprogramm :: Dienstag :: Schaltzyklus 2,timerange,,,,,,TRUE,TRUE,
0x1a22,circulation_tue_3,4.3.2,Time program :: Circulation Program,7.4,HG1,,,Circulation program :: Tuesday :: Switching cycle 3,Zirkulationsprogramm :: Dienstag :: Schaltzyklus 3,timerange,,,,,,TRUE,TRUE,
0x1a30,circulation_wed_1,4.3.2,Time program :: Circulation Program,7.4,HG1,,,Circulation program :: Wednesday :: Switching cycle 1,Zirkulationsprogramm :: Mittwoch :: Schaltzyklus 1,timerange,,,,,,TRUE,TRUE,
0x1a31,circulation_wed_2,4.3.2,Time program :: Circulation Program,7.4,HG1,,,Circulation program :: Wednesday :: Switching cycle 2,Zirkulationsprogramm :: Mittwoch :: Schaltzyklus 2,timerange,,,,,,TRUE,TRUE,
0x1a32,circulation_wed_3,4.3.2,Time program :: Circulation Program,7.4,HG1,,,Circulation program :: Wednesday :: Switching cycle 3,Zirkulationsprogramm :: Mittwoch :: Schaltzyklus 3,timerange,,,,,,TRUE,TRUE,
0x1a40,circulation_thu_1,4.3.2,Time program :: Circulation Program,7.4,HG1,,,Circulation program :: Thursday :: Switching cycle 1,Zirkulationsprogramm :: Donnerstag :: Schaltzyklus 1,timerange,,,,,,TRUE,TRUE,
0x1a41,circulation_thu_2,4.3.2,Time program :: Circulation Program,7.4,HG1,,,Circulation program :: Thursday :: Switching cycle 2,Zirkulationsprogramm :: Donnerstag :: Schaltzyklus 2,timerange,,,,,,TRUE,TRUE,
0x1a42,circulation_thu_3,4.3.2,Time program :: Circulation Program,7.4,HG1,,,Circulation program :: Thursday :: Switching cycle 3,Zirkulationsprogramm :: Donnerstag :: Schaltzyklus 3,timerange,,,,,,TRUE,TRUE,
0x1a50,circulation_fri_1,4.3.2,Time program :: Circulation Program,7.4,HG1,,,Circulation program :: Friday :: Switching cycle 1,Zirkulationsprogramm :: Friday :: Schaltzyklus 1,timerange,,,,,,TRUE,TRUE,
0x1a51,circuatlion_fri_2,4.3.2,Time program :: Circulation Program,7.4,HG1,,,Circulation program :: Friday :: Switching cycle 2,Zirkulationsprogramm :: Friday :: Schaltzyklus 2,timerange,,,,,,TRUE,TRUE,
0x1a52,circulation_fri_3,4.3.2,Time program :: Circulation Program,7.4,HG1,,,Circulation program :: Friday :: Switching cycle 3,Zirkulationsprogramm :: Friday :: Schaltzyklus 3,timerange,,,,,,TRUE,TRUE,
0x1a60,circulation_sat_1,4.3.2,Time program :: Circulation Program,7.4,HG1,,,Circulation program :: Saturday :: Switching cycle 1,Zirkulationsprogramm :: Samstag :: Schaltzyklus 1,timerange,,,,,,TRUE,TRUE,
0x1a61,circulation_sat_2,4.3.2,Time program :: Circulation Program,7.4,HG1,,,Circulation program :: Saturday :: Switching cycle 2,Zirkulationsprogramm :: Samstag :: Schaltzyklus 2,timerange,,,,,,TRUE,TRUE,
0x1a62,circulation_sat_3,4.3.2,Time program :: Circulation Program,7.4,HG1,,,Circulation program :: Saturday :: Switching cycle 3,Zirkulationsprogramm :: Samstag :: Schaltzyklus 3,timerange,,,,,,TRUE,TRUE,
0x1a70,circulation_sun_1,4.3.2,Time program :: Circulation Program,7.4,HG1,,,Circulation program :: Sunday :: Switching cycle 1,Zirkulationsprogramm :: Sonntag :: Schaltzyklus 1,timerange,,,,,,TRUE,TRUE,
0x1a71,circulation_sun_2,4.3.2,Time program :: Circulation Program,7.4,HG1,,,Circulation program :: Sunday :: Switching cycle 2,Zirkulationsprogramm :: Sonntag :: Schaltzyklus 2,timerange,,,,,,TRUE,TRUE,
0x1a72,circulation_sun_3,4.3.2,Time program :: Circulation Program,7.4,HG1,,,Circulation program :: Sunday :: Switching cycle 3,Zirkulationsprogramm :: Sonntag :: Schaltzyklus 3,timerange,,,,,,TRUE,TRUE,
0x0122,date_day,4.4.1,Settings :: Display,7.5.1,HG1,,,Date :: Day,Datum :: Tag,i8,,,1-31,,,TRUE,TRUE,
0x0123,date_month,4.4.1,Settings :: Display,7.5.1,HG1,,,Date :: Month,Datum :: Monat,i8,,,1-12,,,TRUE,TRUE,
0x0124,date_year,4.4.1,Settings :: Display,7.5.1,HG1,,,Date :: Year,Datum :: Jahr,i8,,,0-49,,,TRUE,TRUE,Is 2049 really the max year?
0x0125,time_hour,4.4.1,Settings :: Display,7.5.1,HG1,,,Time :: Hour,Datum :: Stunde,i8,,,0-23,,,TRUE,TRUE,
0x0126,time_minute,4.4.1,Settings :: Display,7.5.1,HG1,,,Time :: Minute,Datum :: Minute,i8,,,0-59,,,TRUE,TRUE,
0xc34c,outdoor_unit,4.4.2,Settings :: System,7.5.2,HG1,,,Outdoor Unit,Außengerät,enum16,,,OutdoorUnit,,,TRUE,TRUE,
0xc34d,indoor_unit,4.4.2,Settings :: System,7.5.2,HG1,,,Indoor Unit,Innengerät,enum16,,,IndoorUnit,,,TRUE,TRUE,
0x06dd,heating_system,4.4.2,Settings :: System,7.5.2,Outdoor,,,Heating System,Heizsystem,enum16,,,HeatingSystem,,FloorHeating,TRUE,TRUE,c15e Outdoor -> rocon
0x06db,pump_dt_heating,4.4.2,Settings :: System,7.5.2,Outdoor,,,Pump dT heating,Pumpe dT Heizen,dec,K,10,3-10,1,5,TRUE,TRUE,
0x06dc,pump_dt_cooling,4.4.2,Settings :: System,7.5.2,Outdoor,,,Pump dT cooling,Pumpe dT Kuehlen,dec,K,10,3-10,1,5,TRUE,TRUE,
0x06d0,glycol,4.4.2,Settings :: System,7.5.2,Outdoor,,,Glycol,Glykol,bool,,,,,,TRUE,TRUE,"0=No glycol added
1=Glocol added"
0x06d1,hp_power_limitation,4.4.2,Settings :: System,7.5.2,Outdoor,,,HP Power limitation,Leistungsbegrenzung Wärmepumpe,i16,A,,20-50,,50,TRUE,TRUE,
0x06e1,pump_limit,4.4.2,Settings :: System,7.5.2,Outdoor,,,Pump limit,Pumpenlimit,enum16,,,PumpLimit,,,TRUE,TRUE,
0x0130,min_mixer_valve_pump,(4.4.2),Mixer module :: System,9.3,,HCM2,,Min. mixer valve pump,Min. Mischer Pumpe,i16,,,10-100,1,30,TRUE,TRUE,
0x012f,max_mixer_valve_pump,(4.4.2),Mixer module :: System,9.3,,HCM2,,Max. mixer valve pump,Max. Mischer Pumpe,i16,,,20-100,1,100,TRUE,TRUE,
0x06d2,ext_heat_source,4.4.3,Settings :: Ext. source,7.5.3,Outdoor,,,Config. ext. heat source,Konfig. externe Wärmequelle,enum16,,,ExtHeatSource,,BackupHeater,TRUE,TRUE,
0x0668,ext_power_hot_water,4.4.3,Settings :: Ext. source,7.5.3,HG1,,,External power hot water,Ext. Leistung Warmwasser,dec,kW,100,1-40,1,3,TRUE,TRUE,
0x0669,ext_power_stage_1,4.4.3,Settings :: Ext. source,7.5.3,HG1,,,External power stage 1,Ext. Leistung Stufe 1,dec,kW,100,1-40,1,3,TRUE,TRUE,
0x066a,ext_power_stage_2,4.4.3,Settings :: Ext. source,7.5.3,HG1,,,External power stage 2,Ext. Leistung Stufe 2,dec,kW,100,1-40,1,3,TRUE,TRUE,
0x06d3,bivalence_function,4.4.3,Settings :: Ext. source,7.5.3,Outdoor,,,Bivalence function,Bivalenzfunktion,enum16,,,BivalenceFunction,,,TRUE,TRUE,
0x06d4,bivalence_temp,4.4.3,Settings :: Ext. source,7.5.3,Outdoor,,,Bivalence temperature,Bivalenztemperatur,dec,C,10,-15-35,1,0,TRUE,TRUE,
0x0693,smart_grid,4.4.4,Settings :: Inputs/Outputs,7.5.4,HG1,,,Smart grid,Smart Grid,bool,,,,,,TRUE,TRUE,
0x0694,smart_grid_mode,4.4.4,Settings :: Inputs/Outputs,7.5.4,HG1,,,Smart grid mode,Modus Smart Grid,enum16,,,SmartGridMode,,Comfort,TRUE,TRUE,
0x066f,ht_nt_function,4.4.4,Settings :: Inputs/Outputs,7.5.4,HG1,,,HT/NT function,HT/NT Funktion,enum16,,,HtNtFunction,,Inactive,TRUE,TRUE,
0x0670,ht_nt_contact,4.4.4,Settings :: Inputs/Outputs,7.5.4,HG1,,,HT/NT contact,HT/NT Anschluss,enum16,,,HtNtContact,,NormallyOpenContact,TRUE,TRUE,
0x0678,room_thermostat,4.4.4,Settings :: Inputs/Outputs,7.5.4,HG1,,,Room thermostat,Raumthermostat,bool,,,,,FALSE,TRUE,TRUE,
0x0679,interlink_function,4.4.4,Settings :: Inputs/Outputs,7.5.4,HG1,,,Interlink function,Interlinkfunktion,bool,,,,,FALSE,TRUE,TRUE,
0x0489,programmable_output,4.4.4,Settings :: Inputs/Outputs,7.5.3,HG1,,,Programmable output (230V),Programmierbarer Ausgang (230V),enum16,,,ProgrammableOutput,,CirculationRequest,TRUE,TRUE,
0x06e6,func_burner_blocking_contact,4.4.4,Settings :: Inputs/Outputs,7.5.4,HG1,,,Func. burner blocking contact,Funktion Brennersperrkontakt,enum16,,,FuncBurnerBlockingContact,,ResistanceValues,TRUE,TRUE,
0x0671,aux_switching_function,4.4.4,Settings :: Inputs/Outputs,7.5.4,HG1,,,AUX switching function,AUX-Schaltfunktion,enum16,,,AuxSwitchingFunction,,Inactive,TRUE,TRUE,
0x0672,aux_wait_time,4.4.4,Settings :: Inputs/Outputs,7.5.4,HG1,,,AUX wait time,AUX-Wartezeit,i16,s,,0-600,,120,TRUE,TRUE,
0x0673,aux_switching_threshold_tdhw,4.4.4,Settings :: Inputs/Outputs,7.5.4,HG1,,,Switching threshold TDHW (AUX),Schaltschwelle DTHW (AUX),dec,C,10,20-85,,50,TRUE,TRUE,
0x06e3,continuous_heating,4.4.5,Settings :: ISM,7.5.5,HG1,,,Continuous heating,Continuous heating,bool,,,,,TRUE,TRUE,TRUE,
0x066c,heating_support,4.4.5,Settings :: ISM,7.5.5,HG1,,,Heating support (HZU),Heizungsunterstützung (HZU),bool,,,,,,TRUE,TRUE,
0x066b,heating_support_power,4.4.5,Settings :: ISM,7.5.5,HG1,,,Heating support power,Leistung BIV,dec,kW,100,3-40,1,15,TRUE,TRUE,
0x066d,heating_support_hysteresis,4.4.5,Settings :: ISM,7.5.5,HG1,,,Heating support hysteresis,HZU Hysterese,dec,K,10,2-15,1,5,TRUE,TRUE,
0x066e,heating_support_max_temp,4.4.5,Settings :: ISM,7.5.5,HG1,,,Heating support max. temp.,HZU Max. Temperatur,dec,C,10,5-85,1,60,TRUE,TRUE,
0x067e,min_pump_power,4.4.5,Settings :: ISM,7.5.5,HG1,,,Min. pump power,Min. Leistung Pumpe,dec,%,10,40-80,1,50,TRUE,TRUE,
0x067f,max_pump_power,4.4.5,Settings :: ISM,7.5.5,HG1,,,Max. pump power,Max. Leistung Pumpe,dec,%,10,60-80,1,50,TRUE,TRUE,
0xc0c4,outside_temp_sensor,4.5.2,Configuration :: Sensors,7.6.1,HG1,,,Outside temperature sensor,Außentemperaturfühler,enum16,,,OutsideTempSensor,,IntegratedSensor,TRUE,TRUE,
0x0961,water_sensors,4.5.2,Configuration :: Sensors,7.6.1,HG1,HC2,,Water sensors,Wassersensoren,i16,,,,,,TRUE,TRUE,"This parameter controls multiple settings https://github.com/ahermann86/fhemHPSU/issues/1
Mix: outsidetemp Sensor"
0x0c1f,outside_temp_correction,4.5.2,Configuration :: Sensors,7.6.1,HG1,HC2,,Outside temperature correction,Außenfühlerkorrektur,dec,K,10,-5-5,0.1,0,TRUE,TRUE,
0x0728,water_pressure_min,4.5.2,Configuration :: Sensors,7.6.1,HG1,,,"Water pressure, min.",Wassedruck Min.,dec,bar,1000,0.1 - 5.0,0.1,0.5,TRUE,TRUE,
0x0727,water_pressure_max,4.5.2,Configuration :: Sensors,7.6.1,HG1,,,"Water pressure, max.",Wassedruck Max.,dec,bar,1000,0.1 - 5.0,0.1,3,TRUE,TRUE,
0x0725,water_pressure_target,4.5.2,Configuration :: Sensors,7.6.1,HG1,,,"Water pressure, target",Wassedruck Soll,dec,bar,1000,0.1 - 5.0,0.1,0.9,TRUE,TRUE,
0x0726,water_max_pressure_loss,4.5.2,Configuration :: Sensors,7.6.1,HG1,,,Maximum pressure loss,Max. Druckverlust,dec,bar,1000,0.1 - 5.0,0.1,0.5,TRUE,TRUE,
0x0141,weather_compensated,4.5.3,Configuration :: HC config,7.6.2,HC1,HC2,,Weather-compensated,Witterungsgeführt,enum16,,,WeatherCompensated,,WeatherCompensated,TRUE,TRUE,
0x0a00,frost_protection_temp,4.5.3,Configuration :: HC config,7.6.2,HC1,HC2,,Frost protection temperature,Frostschutztemperatur,dec,C,10,-15-5,1,0,TRUE,TRUE,
0x010c,building_insulation,4.5.3,Configuration :: HC config,7.6.2,HC1,HC2,,Building insulation,Gebäudedämmung,enum8,,,BuildingInsulation,,Low,TRUE,TRUE,
0xc1c3,switch_temp_hc,4.5.3,Configuration :: HC config,7.6.2,HG1,,,Switch temp. heating circuit,Umschalttemperatur Heizkreis,dec,C,10,10-40,1,0,TRUE,TRUE,
0x0116,heat_limit_heating_mode,4.5.4,Configuration :: Heating,7.6.3,HC1,HC2,,"Heat limit, heating mode",Heizgrenze Heizbetrieb,dec,C,10,10-40,1,19,TRUE,TRUE,
0x0117,heat_limit_reducing_mode,4.5.4,Configuration :: Heating,7.6.3,HC1,HC2,,"Heat limit, reducing mode",Heizgrenze Absenkbetrieb,dec,C,10,10-40,1,10,TRUE,TRUE,
0x010e,heating_curve,4.5.4,Configuration :: Heating,7.6.3,HC1,HC2,,Heating curve,Heizkurve,dec,,100,0-3,0.1,0.5,TRUE,TRUE,
0x06e2,feed_temp_overshoot,4.5.4,Configuration :: Heating,7.6.3,Outdoor,,,"Feed temperature, overshoot",Vorlauftemperatur Überhöhung,dec,K,10,0-4,1,3,TRUE,TRUE,
0x0129,feed_temp_heating_mode,4.5.4,Configuration :: Heating,7.6.3,HC1,HC2,,"Feed temperature, heating mode",Vorlauftemperatur Heizbetrieb,dec,C,10,10-70,1,40,TRUE,TRUE,
0x012a,feed_temp_reducing_mode,4.5.4,Configuration :: Heating,7.6.3,HC1,HC2,,"Feed temperature, reducing mode",Vorlauftemperatur Absenkbetrieb,dec,C,10,10-90,1,10,TRUE,TRUE,
0x0028,max_feed_temp,4.5.4,Configuration :: Heating,7.6.3,HC1,HC2,,Max. feed temperature,Max. Vorlauftemperatur,dec,C,10,20-90,1,80,TRUE,TRUE,
0x012b,min_feed_temp,4.5.4,Configuration :: Heating,7.6.3,HC1,HC2,,Min. feed temperature,Min. Vorlauftemperatur,dec,C,10,10-90,1,10,TRUE,TRUE,
0x010f,room_sensor_adaptation,4.5.4,Configuration :: Heating,7.6.3,HC1,HC2,,Room sensor adaptation,Raumeinfluss,i8,K,,0-20,1,,TRUE,TRUE,nullable
0x0115,heating_curve_adaption,4.5.4,Configuration :: Heating,7.6.3,HC1,HC2,,Heating curve adaption,Heizkurvenadaption,bool,,,,,FALSE,TRUE,TRUE,
0x06a0,interlink_temp_increase,4.5.4,Configuration :: Heating,7.6.3,HG1,,,Interlink temperature increase,Interlink Temperaturerhöhung,dec,,10,1-50,1,5,TRUE,TRUE,
0x06e5,comfort_heating,4.5.4,Configuration :: Heating,7.6.3,HC1,,,Comfort Heating,Comfort Heating,bool,,,,,,TRUE,TRUE,
0x0111,slope_offset,4.5.4,Mixer module :: Heating,9.3,,HC2,,Slope offset,Kurvenabstand,dec,K,10,0-50,1,5,TRUE,TRUE,
0x135d,target_flow_cooling_start,4.5.5,Configuration :: Cooling,7.6.4,HC1,HC2,,"Target flow cooling, start",VL-Soll Start Kühlen,dec,C,10,5-25,1,18,TRUE,TRUE,
0x135e,target_flow_cooling_max,4.5.5,Configuration :: Cooling,7.6.4,HC1,HC2,,"Target flow cooling, max.",VL-Soll Max Kühlen,dec,C,10,5-25,1,8,TRUE,TRUE,
0x135b,start_cooling_outside_temp,4.5.5,Configuration :: Cooling,7.6.4,HC1,HC2,,Start cooling outside temp.,Start Kühlen Außentemperatur,dec,C,10,15-45,1,24,TRUE,TRUE,
0x135c,max_cooling_outside_temp,4.5.5,Configuration :: Cooling,7.6.4,HC1,HC2,,Max. cooling outside temp.,Max. Kühlen Außentemperatur,dec,C,10,20-45,1,35,TRUE,TRUE,
0x1363,feed_temp_lower_limit,4.5.5,Configuration :: Cooling,7.6.4,HC1,HC2,,Feed temperature lower limit,Untergrenze Vorlauftemperatur,dec,C,10,5-25,1,18,TRUE,TRUE,
0x03dd,feed_temp_cooling_mode,4.5.5,Configuration :: Cooling,7.6.4,HC1,HC2,,"Feed temperature, cooling mode",Vorlauftemperatur Kühlbetrieb,dec,C,10,8-30,1,18,TRUE,TRUE,
0x1359,cooling_setpoint_correction,4.5.5,Configuration :: Cooling,7.6.4,HC1,HC2,,Cooling setpoint correction,Kühlsollwert Korrektur,dec,K,10,-5-5,1,0,TRUE,TRUE,
0x06a1,interlink_temp_reduction,4.5.5,Configuration :: Cooling,7.6.4,HG1,,,Interlink temperature reduction,Interlink Temperaturreduktion,dec,,10,1-50,1,5,TRUE,TRUE,
0x0180,max_hot_water_loading_time,4.5.6,Configuration :: Hot Water,7.6.5,HG1,,,Max. hot water loading time,"Max, Warmwasser Ladezeit",i16,min,,10-240,10,60,TRUE,TRUE,
0x4e3f,hot_water_blocking_time,4.5.6,Configuration :: Hot Water,7.6.5,HG1,,,Hot water blocking time,Warmwasser Sperrzeit,i16,min,,10-180,10,30,TRUE,TRUE,
0x0691,hot_water_hysteresis,4.5.6,Configuration :: Hot Water,7.6.5,HG1,,,Hot water hysteresis,Warmwasser Hysterese,dec,K,10,2-20,1,7,TRUE,TRUE,
0x0692,waiting_time_ext_heat_generator,4.5.6,Configuration :: Hot Water,7.6.5,HG1,,,Wait time ext. heat generator,Wartezeit ext. Wärmeerzeuger,i16,min,,20-95,50,1,TRUE,TRUE,
0xc2f6,solar_function,4.5.6,Configuration :: Hot Water,7.6.5,HG1,,,Solar function,Solar Funktion,bool,,,,,,TRUE,TRUE,
0x0182,circulation_pump_control,4.5.6,Configuration :: Hot Water,7.6.5,HG1,,,Circulation pump control,Zirkulationspumpe Ansteuerung,bool,,,,,,TRUE,TRUE,
0x065e,circulation_pump_interval,4.5.6,Configuration :: Hot Water,7.6.5,HG1,,,Circulation pump interval,Zirkulationspumpe Intervall,i16,min,,1-15,1,,TRUE,TRUE,default off
0x0101,anti_legionella_day,4.5.6,Configuration :: Hot Water,7.6.5,HG1,,,Anti-legionella day,Antilegionellen Tag,enum16,,,AntiLegionellaDay,,Off,TRUE,TRUE,
0xfdf4,anti_legionella_time,4.5.6,Configuration :: Hot Water,7.6.5,HG1,,,Anti-legionella start time,Antilegionellen Startzeit,time,,,,15,03:30,TRUE,TRUE,
0x0587,anti_legionella_temp,4.5.6,Configuration :: Hot Water,7.6.5,HG1,,,Anti-legionella temperature,Antilegionellen Temperatur,dec,C,10,60-70,1,65,TRUE,TRUE,
0x011a,screed,4.5.7,Configuration :: Addition,7.6.6,HC1,HC2,,Estrich,Screed,bool,,,,,,TRUE,TRUE,
0x0695,ventilation_function,4.5.7,Configuration :: Addition,7.6.6,HG1,,,Ventilation function,Entlüftungsfunktion,bool,,,,,,TRUE,TRUE,
0xc101,v,4.6.1,Information :: Current,4.6.1,HG1,,V,Volume flow (V),Volumenstrom (V),i16,l/h,,,,,TRUE,FALSE,
0xc104,t_r,4.6.1,Information :: Current,4.6.1,HG1,,t-R,Heating return flow temperature (t-R),Temperatur Heizung Rücklauf (t-R),dec,C,10,,,,TRUE,FALSE,
0xc106,t_dhw,4.6.1,Information :: Current,4.6.1,HG1,,t-DHW,Temperature in the hot water storage tank (t-DHW),Temperatur im Warmwasserspeicher (t-DHW),dec,C,10,,,,TRUE,FALSE,
0xc176,t_au,4.6.1,Information :: Current,4.6.1,HG1,,t-AU,Outside temperature sensor (t-AU),Außentemperaturfühler (t-AU),dec,C,10,,,,TRUE,FALSE,"outside_temp duplicate, what's the difference?"
0xc0f6,mode,4.6.2,Information :: Overview,7.7.1,HG1,,,Mode,Modus,enum16,,,Mode,,,TRUE,FALSE,
0xc0f8,external_request,4.6.2,Information :: Overview,7.7.1,HG1,,,External request,Smart Grid Signal,enum16,,,ExternalRequest,,,TRUE,FALSE,
0xc0fa,room_thermostat_interlink,4.6.2,Information :: Overview,7.7.1,HG1,,,Room thermostat/Interlink,RT / Interlink,enum16,,,RoomThermostatInterlink,,,TRUE,FALSE,
0x0696,quiet_mode,4.6.2,Information :: Overview,7.7.1,HG1,,,Quiet mode,Flüsterbetrieb,i16,,,,,,TRUE,FALSE,values? probably enum?
0xc179,status_heating_support,4.6.2,Information :: Overview,7.7.1,HG1,,,"Status, heating support",Status Heitzungsunterstützung,bool,,,,,,TRUE,FALSE,
0xfdac,status_heat_circulation_pump,4.6.2,Information :: Overview,7.7.1,Outdoor,,,"Status, heat circulation pump",Status Heizungsumwälzpumpe,bool,,,,,,TRUE,FALSE,
0xc10c,pwm_pump,4.6.2,Information :: Overview,7.7.1,Outdoor,,,PWM pump,PWM Pumpe,i16,%,,25-100,,,TRUE,FALSE,
0xc0f9,buh_current_output,4.6.2,Information :: Overview,7.7.1,HG1,,,BUH current output,BUH Leistungsaufnahme,dec,kW,1000,,,,TRUE,FALSE,
0x069b,mix_3uvdhw,4.6.2,Information :: Overview,7.7.1,HG1,,DHW,3UVDHW position (DHW),3UVDHW Position (DHW),i16,%,,0-100,,,TRUE,FALSE,
0xc0fb,mix_3uvb1,4.6.2,Information :: Overview,7.7.1,HG1,,B1,3UVB1 position (B1),3UVB1 Position (B1),i16,%,,0-100,,,TRUE,FALSE,
0x000d,feed_temperature_current,4.6.3,Information :: Values,7.7.2,HG1,,,"Feed temperature, current",Vorlauftemperatur Aktuell,dec,C,10,,1,,TRUE,FALSE,
0x0002,feed_temperature_target,4.6.3,Information :: Values,7.7.2,HG1,,,"Feed temperature, target",Vorlauftemperatur Soll,dec,C,10,40-80,0.1,55,TRUE,FALSE,
0x0a0c,average_outside_temp,4.6.3,Information :: Values,7.7.2,HC1,HC2,,Average outside temperature,Außentemperatur gemittelt,dec,C,10,,0.1,,TRUE,FALSE,
0x000e,hot_water_temp_current,4.6.3,Information :: Values,7.7.2,HG1,,,"Hot water temperature, current",Warmwassertemperatur Aktuell,dec,C,10,,0.1,,TRUE,FALSE,
0x0003,hot_water_temp_target,4.6.3,Information :: Values,7.7.2,HG1,,,"Hot water temperature, target",Warmwassertemperatur Soll,dec,C,10,10-70,0.1,48,TRUE,FALSE,
0x0016,return_flow_temp,4.6.3,Information :: Values,7.7.2,HG1,,,Return flow temperature,Rücklauftemperatur,dec,C,10,,0.1,,TRUE,FALSE,
0x000f,feed_temp_hc_current,4.6.3,Information :: Values,7.7.2,,HCM2,,Feed temperature HC current,Vorlauftemperatur HK Aktuell,dec,C,10,,0.1,,TRUE,FALSE,
0x0004,feed_temp_hc_target,4.6.3,Information :: Values,7.7.2,HC1,HC2,,Feed temperature HC target,Vorlauftemperatur HK Soll,dec,C,10,,0.1,,TRUE,FALSE,
0xc0fc,feed_temp_phx,4.6.3,Information :: Values,7.7.2,HG1,,t-V,Feed temperature PHX (t-V),Vorlauftemperatur PWT (t-V),dec,C,10,,0.1,,TRUE,FALSE,
0xc0fe,feed_temp_buh,4.6.3,Information :: Values,7.7.2,HG1,,"t-V,BH","Feed temperature BUH (t-V,BH)","Vorlauftemperatur BUH (t-V,BH)",dec,C,10,,0.1,,TRUE,FALSE,
0xc105,outdoor_temp_opt,4.6.3,Information :: Values,7.7.2,HG1,,,Outdoor temp. (opt.),Aussentemp. (opt.),dec,C,10,,0.1,,TRUE,FALSE,
0xc103,refrigerant_temp,4.6.3,Information :: Values,7.7.2,HG1,,t-liq,Refrigerant temperature (t-liq),Kältemitteltemperatur (t-liq),dec,C,10,,0.1,,TRUE,FALSE,
0x01da,volume_flow,4.6.3,Information :: Values,7.7.2,HG1,,,Volume flow,Volumenstrom,dec,l/h,,,1,,TRUE,FALSE,
0x001c,water_pressure,4.6.3,Information :: Values,7.7.2,HG1,,P,Water pressure (P),Wasserdruck (P),dec,bar,1000,,,,TRUE,FALSE,according to manual: increment=0.1
0x0052,mixer_pump_status,(4.6.3),Mixer Module :: Information :: Values,9.3,,HCM2,,Mixer pump status,Status Mischerpumpe,bool,,,,,,TRUE,FALSE,
0x0131,mixer_pump_pwm,(4.6.3),Mixer Module :: Information :: Values,9.3,,HC2,,PWM mixer pump,PWM Mischerpumpe,i16,%,,0-100,,,TRUE,FALSE,
0x0056,mixer_info_1,(4.6.3),Mixer Module :: Information :: Values,9.3,,HCM2,,Mixer Info 1,Mischer Info 1,i16,,,,,,TRUE,FALSE,What's that?
0x0057,mixer_info_2,(4.6.3),Mixer Module :: Information :: Values,9.3,,HCM2,,Mixer Info 2,Mischer Info 2,i16,,,,,,TRUE,FALSE,What's that?
0x0058,mixer_info_3,(4.6.3),Mixer Module :: Information :: Values,9.3,,HCM2,,Mixer Info 3,Mischer Info 3,i16,,,,,,TRUE,FALSE,What's that?
0x0059,mixer_info_4,(4.6.3),Mixer Module :: Information :: Values,9.3,,HCM2,,Mixer Info 4,Mischer Info 4,i16,,,,,,TRUE,FALSE,What's that?
0x06e7,emergency,4.7,Error,7.8,Outdoor,,,Emergency,Notbetrieb,bool,,,,,FALSE,TRUE,TRUE,
0x1357,temp_manual_operation,4.7,Error,7.8,HG1,,,Temperatur Handbetrieb,"Temperature, manual operation",dec,C,10,20-80,,,TRUE,TRUE,
0xc26b,energy_electrical_01_low,4.9.1,Statistics :: Month :: Electr. Energy total,7.10,HG1,,,Electrical Energy 01 [Low],Elektrische Energie 01 [Low],i16,kWh,,,,,TRUE,FALSE,
0xc26c,energy_electrical_01_high,4.9.2,Statistics :: Month :: Electr. Energy total,7.10,HG1,,,Electrical Energy 01 [High],Elektrische Energie 01 [High],i16,kWh,,,,,TRUE,FALSE,
0xc26d,energy_electrical_02_low,4.9.3,Statistics :: Month :: Electr. Energy total,7.10,HG1,,,Electrical Energy 02 [Low],Elektrische Energie 02 [Low],i16,kWh,,,,,TRUE,FALSE,
0xc26e,energy_electrical_02_high,4.9.4,Statistics :: Month :: Electr. Energy total,7.10,HG1,,,Electrical Energy 02 [High],Elektrische Energie 02 [High],i16,kWh,,,,,TRUE,FALSE,
0xc26f,energy_electrical_03_low,4.9.5,Statistics :: Month :: Electr. Energy total,7.10,HG1,,,Electrical Energy 03 [Low],Elektrische Energie 03 [Low],i16,kWh,,,,,TRUE,FALSE,
0xc270,energy_electrical_03_high,4.9.6,Statistics :: Month :: Electr. Energy total,7.10,HG1,,,Electrical Energy 03 [High],Elektrische Energie 03 [High],i16,kWh,,,,,TRUE,FALSE,
0xc271,energy_electrical_04_low,4.9.7,Statistics :: Month :: Electr. Energy total,7.10,HG1,,,Electrical Energy 04 [Low],Elektrische Energie 04 [Low],i16,kWh,,,,,TRUE,FALSE,
0xc272,energy_electrical_04_high,4.9.8,Statistics :: Month :: Electr. Energy total,7.10,HG1,,,Electrical Energy 04 [High],Elektrische Energie 04 [High],i16,kWh,,,,,TRUE,FALSE,
0xc273,energy_electrical_05_low,4.9.9,Statistics :: Month :: Electr. Energy total,7.10,HG1,HCM2,,Electrical Energy 05 [Low],Elektrische Energie 05 [Low],i16,kWh,,,,,TRUE,FALSE,
0xc274,energy_electrical_05_high,4.9.10,Statistics :: Month :: Electr. Energy total,7.10,HG1,,,Electrical Energy 05 [High],Elektrische Energie 05 [High],i16,kWh,,,,,TRUE,FALSE,
0xc275,energy_electrical_06_low,4.9.11,Statistics :: Month :: Electr. Energy total,7.10,HG1,,,Electrical Energy 06 [Low],Elektrische Energie 06 [Low],i16,kWh,,,,,TRUE,FALSE,
0xc276,energy_electrical_06_high,4.9.12,Statistics :: Month :: Electr. Energy total,7.10,HG1,,,Electrical Energy 06 [High],Elektrische Energie 06 [High],i16,kWh,,,,,TRUE,FALSE,
0xc277,energy_electrical_07_low,4.9.13,Statistics :: Month :: Electr. Energy total,7.10,HG1,,,Electrical Energy 07 [Low],Elektrische Energie 07 [Low],i16,kWh,,,,,TRUE,FALSE,
0xc278,energy_electrical_07_high,4.9.14,Statistics :: Month :: Electr. Energy total,7.10,HG1,,,Electrical Energy 07 [High],Elektrische Energie 07 [High],i16,kWh,,,,,TRUE,FALSE,
0xc279,energy_electrical_08_low,4.9.15,Statistics :: Month :: Electr. Energy total,7.10,HG1,,,Electrical Energy 08 [Low],Elektrische Energie 08 [Low],i16,kWh,,,,,TRUE,FALSE,
0xc27a,energy_electrical_08_high,4.9.16,Statistics :: Month :: Electr. Energy total,7.10,HG1,,,Electrical Energy 08 [High],Elektrische Energie 08 [High],i16,kWh,,,,,TRUE,FALSE,
0xc27b,energy_electrical_09_low,4.9.17,Statistics :: Month :: Electr. Energy total,7.10,HG1,,,Electrical Energy 09 [Low],Elektrische Energie 09 [Low],i16,kWh,,,,,TRUE,FALSE,
0xc27c,energy_electrical_09_high,4.9.18,Statistics :: Month :: Electr. Energy total,7.10,HG1,,,Electrical Energy 09 [High],Elektrische Energie 09 [High],i16,kWh,,,,,TRUE,FALSE,
0xc27d,energy_electrical_10_low,4.9.19,Statistics :: Month :: Electr. Energy total,7.10,HG1,,,Electrical Energy 10 [Low],Elektrische Energie 10 [Low],i16,kWh,,,,,TRUE,FALSE,
0xc27e,energy_electrical_10_high,4.9.20,Statistics :: Month :: Electr. Energy total,7.10,HG1,,,Electrical Energy 10 [High],Elektrische Energie 10 [High],i16,kWh,,,,,TRUE,FALSE,
0xc27f,energy_electrical_11_low,4.9.21,Statistics :: Month :: Electr. Energy total,7.10,HG1,,,Electrical Energy 11 [Low],Elektrische Energie 11 [Low],i16,kWh,,,,,TRUE,FALSE,
0xc280,energy_electrical_11_high,4.9.22,Statistics :: Month :: Electr. Energy total,7.10,HG1,,,Electrical Energy 11 [High],Elektrische Energie 11 [High],i16,kWh,,,,,TRUE,FALSE,
0xc281,energy_electrical_12_low,4.9.23,Statistics :: Month :: Electr. Energy total,7.10,HG1,,,Electrical Energy 12 [Low],Elektrische Energie 12 [Low],i16,kWh,,,,,TRUE,FALSE,
0xc282,energy_electrical_12_high,4.9.24,Statistics :: Month :: Electr. Energy total,7.10,HG1,,,Electrical Energy 12 [High],Elektrische Energie 12 [High],i16,kWh,,,,,TRUE,FALSE,
0xc283,energy_hp_cooling_01_low,4.9.25,"Statistics :: Month :: Energy HP, cooling",7.10,HG1,,,Energy HP cooling 01 [Low],Energie WP Kühlung 01 [Low],i16,kWh,,,,,TRUE,FALSE,
0xc284,energy_hp_cooling_01_high,4.9.26,"Statistics :: Month :: Energy HP, cooling",7.10,HG1,,,Energy HP cooling 01 [High],Energie WP Kühlung 01 [High],i16,kWh,,,,,TRUE,FALSE,
0xc285,energy_hp_cooling_02_low,4.9.27,"Statistics :: Month :: Energy HP, cooling",7.10,HG1,,,Energy HP cooling 02 [Low],Energie WP Kühlung 02 [Low],i16,kWh,,,,,TRUE,FALSE,
0xc286,energy_hp_cooling_02_high,4.9.28,"Statistics :: Month :: Energy HP, cooling",7.10,HG1,,,Energy HP cooling 02 [High],Energie WP Kühlung 02 [High],i16,kWh,,,,,TRUE,FALSE,
0xc287,energy_hp_cooling_03_low,4.9.29,"Statistics :: Month :: Energy HP, cooling",7.10,HG1,,,Energy HP cooling 03 [Low],Energie WP Kühlung 03 [Low],i16,kWh,,,,,TRUE,FALSE,
0xc288,energy_hp_cooling_03_high,4.9.30,"Statistics :: Month :: Energy HP, cooling",7.10,HG1,,,Energy HP cooling 03 [High],Energie WP Kühlung 03 [High],i16,kWh,,,,,TRUE,FALSE,
0xc289,energy_hp_cooling_04_low,4.9.31,"Statistics :: Month :: Energy HP, cooling",7.10,HG1,,,Energy HP cooling 04 [Low],Energie WP Kühlung 04 [Low],i16,kWh,,,,,TRUE,FALSE,
0xc28a,energy_hp_cooling_04_high,4.9.32,"Statistics :: Month :: Energy HP, cooling",7.10,HG1,,,Energy HP cooling 04 [High],Energie WP Kühlung 04 [High],i16,kWh,,,,,TRUE,FALSE,
0xc28b,energy_hp_cooling_05_low,4.9.33,"Statistics :: Month :: Energy HP, cooling",7.10,HG1,,,Energy HP cooling 05 [Low],Energie WP Kühlung 05 [Low],i16,kWh,,,,,TRUE,FALSE,
0xc28c,energy_hp_cooling_05_high,4.9.34,"Statistics :: Month :: Energy HP, cooling",7.10,HG1,,,Energy HP cooling 05 [High],Energie WP Kühlung 05 [High],i16,kWh,,,,,TRUE,FALSE,
0xc28d,energy_hp_cooling_06_low,4.9.35,"Statistics :: Month :: Energy HP, cooling",7.10,HG1,,,Energy HP cooling 06 [Low],Energie WP Kühlung 06 [Low],i16,kWh,,,,,TRUE,FALSE,
0xc28e,energy_hp_cooling_06_high,4.9.36,"Statistics :: Month :: Energy HP, cooling",7.10,HG1,,,Energy HP cooling 06 [High],Energie WP Kühlung 06 [High],i16,kWh,,,,,TRUE,FALSE,
0xc28f,energy_hp_cooling_07_low,4.9.37,"Statistics :: Month :: Energy HP, cooling",7.10,HG1,,,Energy HP cooling 07 [Low],Energie WP Kühlung 07 [Low],i16,kWh,,,,,TRUE,FALSE,
0xc290,energy_hp_cooling_07_high,4.9.38,"Statistics :: Month :: Energy HP, cooling",7.10,HG1,,,Energy HP cooling 07 [High],Energie WP Kühlung 07 [High],i16,kWh,,,,,TRUE,FALSE,
0xc291,energy_hp_cooling_08_low,4.9.39,"Statistics :: Month :: Energy HP, cooling",7.10,HG1,,,Energy HP cooling 08 [Low],Energie WP Kühlung 08 [Low],i16,kWh,,,,,TRUE,FALSE,
0xc292,energy_hp_cooling_08_high,4.9.40,"Statistics :: Month :: Energy HP, cooling",7.10,HG1,,,Energy HP cooling 08 [High],Energie WP Kühlung 08 [High],i16,kWh,,,,,TRUE,FALSE,
0xc293,energy_hp_cooling_09_low,4.9.41,"Statistics :: Month :: Energy HP, cooling",7.10,HG1,,,Energy HP cooling 09 [Low],Energie WP Kühlung 09 [Low],i16,kWh,,,,,TRUE,FALSE,
0xc294,energy_hp_cooling_09_high,4.9.42,"Statistics :: Month :: Energy HP, cooling",7.10,HG1,,,Energy HP cooling 09 [High],Energie WP Kühlung 09 [High],i16,kWh,,,,,TRUE,FALSE,
0xc295,energy_hp_cooling_10_low,4.9.43,"Statistics :: Month :: Energy HP, cooling",7.10,HG1,,,Energy HP cooling 10 [Low],Energie WP Kühlung 10 [Low],i16,kWh,,,,,TRUE,FALSE,
0xc296,energy_hp_cooling_10_high,4.9.44,"Statistics :: Month :: Energy HP, cooling",7.10,HG1,,,Energy HP cooling 10 [High],Energie WP Kühlung 10 [High],i16,kWh,,,,,TRUE,FALSE,
0xc297,energy_hp_cooling_11_low,4.9.45,"Statistics :: Month :: Energy HP, cooling",7.10,HG1,,,Energy HP cooling 11 [Low],Energie WP Kühlung 11 [Low],i16,kWh,,,,,TRUE,FALSE,
0xc298,energy_hp_cooling_11_high,4.9.46,"Statistics :: Month :: Energy HP, cooling",7.10,HG1,,,Energy HP cooling 11 [High],Energie WP Kühlung 11 [High],i16,kWh,,,,,TRUE,FALSE,
0xc299,energy_hp_cooling_12_low,4.9.47,"Statistics :: Month :: Energy HP, cooling",7.10,HG1,,,Energy HP cooling 12 [Low],Energie WP Kühlung 12 [Low],i16,kWh,,,,,TRUE,FALSE,
0xc29a,energy_hp_cooling_12_high,4.9.48,"Statistics :: Month :: Energy HP, cooling",7.10,HG1,,,Energy HP cooling 12 [High],Energie WP Kühlung 12 [High],i16,kWh,,,,,TRUE,FALSE,
0xc29b,energy_hp_heating_01_low,4.9.49,"Statistics :: Month :: Energy HP, heating",7.10,HG1,,,Energy HP heating 01 [Low],Energie WP Heizung 01 [Low],i16,kWh,,,,,TRUE,FALSE,
0xc29c,energy_hp_heating_01_high,4.9.50,"Statistics :: Month :: Energy HP, heating",7.10,HG1,,,Energy HP heating 01 [High],Energie WP Heizung 01 [High],i16,kWh,,,,,TRUE,FALSE,
0xc29d,energy_hp_heating_02_low,4.9.51,"Statistics :: Month :: Energy HP, heating",7.10,HG1,,,Energy HP heating 02 [Low],Energie WP Heizung 02 [Low],i16,kWh,,,,,TRUE,FALSE,
0xc29e,energy_hp_heating_02_high,4.9.52,"Statistics :: Month :: Energy HP, heating",7.10,HG1,,,Energy HP heating 02 [High],Energie WP Heizung 02 [High],i16,kWh,,,,,TRUE,FALSE,
0xc29f,energy_hp_heating_03_low,4.9.53,"Statistics :: Month :: Energy HP, heating",7.10,HG1,,,Energy HP heating 03 [Low],Energie WP Heizung 03 [Low],i16,kWh,,,,,TRUE,FALSE,
0xc2a0,energy_hp_heating_03_high,4.9.54,"Statistics :: Month :: Energy HP, heating",7.10,HG1,,,Energy HP heating 03 [High],Energie WP Heizung 03 [High],i16,kWh,,,,,TRUE,FALSE,
0xc2a1,energy_hp_heating_04_low,4.9.55,"Statistics :: Month :: Energy HP, heating",7.10,HG1,,,Energy HP heating 04 [Low],Energie WP Heizung 04 [Low],i16,kWh,,,,,TRUE,FALSE,
0xc2a2,energy_hp_heating_04_high,4.9.56,"Statistics :: Month :: Energy HP, heating",7.10,HG1,,,Energy HP heating 04 [High],Energie WP Heizung 04 [High],i16,kWh,,,,,TRUE,FALSE,
0xc2a3,energy_hp_heating_05_low,4.9.57,"Statistics :: Month :: Energy HP, heating",7.10,HG1,,,Energy HP heating 05 [Low],Energie WP Heizung 05 [Low],i16,kWh,,,,,TRUE,FALSE,
0xc2a4,energy_hp_heating_05_high,4.9.58,"Statistics :: Month :: Energy HP, heating",7.10,HG1,,,Energy HP heating 05 [High],Energie WP Heizung 05 [High],i16,kWh,,,,,TRUE,FALSE,
0xc2a5,energy_hp_heating_06_low,4.9.59,"Statistics :: Month :: Energy HP, heating",7.10,HG1,,,Energy HP heating 06 [Low],Energie WP Heizung 06 [Low],i16,kWh,,,,,TRUE,FALSE,
0xc2a6,energy_hp_heating_06_high,4.9.60,"Statistics :: Month :: Energy HP, heating",7.10,HG1,,,Energy HP heating 06 [High],Energie WP Heizung 06 [High],i16,kWh,,,,,TRUE,FALSE,
0xc2a7,energy_hp_heating_07_low,4.9.61,"Statistics :: Month :: Energy HP, heating",7.10,HG1,,,Energy HP heating 07 [Low],Energie WP Heizung 07 [Low],i16,kWh,,,,,TRUE,FALSE,
0xc2a8,energy_hp_heating_07_high,4.9.62,"Statistics :: Month :: Energy HP, heating",7.10,HG1,,,Energy HP heating 07 [High],Energie WP Heizung 07 [High],i16,kWh,,,,,TRUE,FALSE,
0xc2a9,energy_hp_heating_08_low,4.9.63,"Statistics :: Month :: Energy HP, heating",7.10,HG1,,,Energy HP heating 08 [Low],Energie WP Heizung 08 [Low],i16,kWh,,,,,TRUE,FALSE,
0xc2aa,energy_hp_heating_08_high,4.9.64,"Statistics :: Month :: Energy HP, heating",7.10,HG1,,,Energy HP heating 08 [High],Energie WP Heizung 08 [High],i16,kWh,,,,,TRUE,FALSE,
0xc2ab,energy_hp_heating_09_low,4.9.65,"Statistics :: Month :: Energy HP, heating",7.10,HG1,,,Energy HP heating 09 [Low],Energie WP Heizung 09 [Low],i16,kWh,,,,,TRUE,FALSE,
0xc2ac,energy_hp_heating_19_high,4.9.66,"Statistics :: Month :: Energy HP, heating",7.10,HG1,,,Energy HP heating 09 [High],Energie WP Heizung 09 [High],i16,kWh,,,,,TRUE,FALSE,
0xc2ad,energy_hp_heating_10_low,4.9.67,"Statistics :: Month :: Energy HP, heating",7.10,HG1,,,Energy HP heating 10 [Low],Energie WP Heizung 10 [Low],i16,kWh,,,,,TRUE,FALSE,
0xc2ae,energy_hp_heating_10_high,4.9.68,"Statistics :: Month :: Energy HP, heating",7.10,HG1,,,Energy HP heating 10 [High],Energie WP Heizung 10 [High],i16,kWh,,,,,TRUE,FALSE,
0xc2af,energy_hp_heating_11_low,4.9.69,"Statistics :: Month :: Energy HP, heating",7.10,HG1,,,Energy HP heating 11 [Low],Energie WP Heizung 11 [Low],i16,kWh,,,,,TRUE,FALSE,
0xc2b0,energy_hp_heating_11_high,4.9.70,"Statistics :: Month :: Energy HP, heating",7.10,HG1,,,Energy HP heating 11 [High],Energie WP Heizung 11 [High],i16,kWh,,,,,TRUE,FALSE,
0xc2b1,energy_hp_heating_12_low,4.9.71,"Statistics :: Month :: Energy HP, heating",7.10,HG1,,,Energy HP heating 12 [Low],Energie WP Heizung 12 [Low],i16,kWh,,,,,TRUE,FALSE,
0xc2b2,energy_hp_heating_12_high,4.9.72,"Statistics :: Month :: Energy HP, heating",7.10,HG1,,,Energy HP heating 12 [High],Energie WP Heizung 12 [High],i16,kWh,,,,,TRUE,FALSE,
0xc2b3,energy_hot_water_01_low,4.9.73,"Statistics :: Month :: Energy, hot water",7.10,HG1,,,Energy hot water 01 [Low],Energie Warmwasser 01 [Low],i16,kWh,,,,,TRUE,FALSE,
0xc2b4,energy_hot_water_01_high,4.9.74,"Statistics :: Month :: Energy, hot water",7.10,HG1,,,Energy hot water 01 [High],Energie Warmwasser 01 [High],i16,kWh,,,,,TRUE,FALSE,
0xc2b5,energy_hot_water_02_low,4.9.75,"Statistics :: Month :: Energy, hot water",7.10,HG1,,,Energy hot water 02 [Low],Energie Warmwasser 02 [Low],i16,kWh,,,,,TRUE,FALSE,
0xc2b6,energy_hot_water_02_high,4.9.76,"Statistics :: Month :: Energy, hot water",7.10,HG1,,,Energy hot water 02 [High],Energie Warmwasser 02 [High],i16,kWh,,,,,TRUE,FALSE,
0xc2b7,energy_hot_water_03_low,4.9.77,"Statistics :: Month :: Energy, hot water",7.10,HG1,,,Energy hot water 03 [Low],Energie Warmwasser 03 [Low],i16,kWh,,,,,TRUE,FALSE,
0xc2b8,energy_hot_water_03_high,4.9.78,"Statistics :: Month :: Energy, hot water",7.10,HG1,,,Energy hot water 03 [High],Energie Warmwasser 03 [High],i16,kWh,,,,,TRUE,FALSE,
0xc2b9,energy_hot_water_04_low,4.9.79,"Statistics :: Month :: Energy, hot water",7.10,HG1,,,Energy hot water 04 [Low],Energie Warmwasser 04 [Low],i16,kWh,,,,,TRUE,FALSE,
0xc2ba,energy_hot_water_04_high,4.9.80,"Statistics :: Month :: Energy, hot water",7.10,HG1,,,Energy hot water 04 [High],Energie Warmwasser 04 [High],i16,kWh,,,,,TRUE,FALSE,
0xc2bb,energy_hot_water_05_low,4.9.81,"Statistics :: Month :: Energy, hot water",7.10,HG1,,,Energy hot water 05 [Low],Energie Warmwasser 05 [Low],i16,kWh,,,,,TRUE,FALSE,
0xc2bc,energy_hot_water_05_high,4.9.82,"Statistics :: Month :: Energy, hot water",7.10,HG1,,,Energy hot water 05 [High],Energie Warmwasser 05 [High],i16,kWh,,,,,TRUE,FALSE,
0xc2bd,energy_hot_water_06_low,4.9.83,"Statistics :: Month :: Energy, hot water",7.10,HG1,,,Energy hot water 06 [Low],Energie Warmwasser 06 [Low],i16,kWh,,,,,TRUE,FALSE,
0xc2be,energy_hot_water_06_high,4.9.84,"Statistics :: Month :: Energy, hot water",7.10,HG1,,,Energy hot water 06 [High],Energie Warmwasser 06 [High],i16,kWh,,,,,TRUE,FALSE,
0xc2bf,energy_hot_water_07_low,4.9.85,"Statistics :: Month :: Energy, hot water",7.10,HG1,,,Energy hot water 07 [Low],Energie Warmwasser 07 [Low],i16,kWh,,,,,TRUE,FALSE,
0xc2c0,energy_hot_water_07_high,4.9.86,"Statistics :: Month :: Energy, hot water",7.10,HG1,,,Energy hot water 07 [High],Energie Warmwasser 07 [High],i16,kWh,,,,,TRUE,FALSE,
0xc2c1,energy_hot_water_08_low,4.9.87,"Statistics :: Month :: Energy, hot water",7.10,HG1,,,Energy hot water 08 [Low],Energie Warmwasser 08 [Low],i16,kWh,,,,,TRUE,FALSE,
0xc2c2,energy_hot_water_08_high,4.9.88,"Statistics :: Month :: Energy, hot water",7.10,HG1,,,Energy hot water 08 [High],Energie Warmwasser 08 [High],i16,kWh,,,,,TRUE,FALSE,
0xc2c3,energy_hot_water_09_low,4.9.89,"Statistics :: Month :: Energy, hot water",7.10,HG1,,,Energy hot water 09 [Low],Energie Warmwasser 09 [Low],i16,kWh,,,,,TRUE,FALSE,
0xc2c4,energy_hot_water_09_high,4.9.90,"Statistics :: Month :: Energy, hot water",7.10,HG1,,,Energy hot water 09 [High],Energie Warmwasser 09 [High],i16,kWh,,,,,TRUE,FALSE,
0xc2c5,energy_hot_water_10_low,4.9.91,"Statistics :: Month :: Energy, hot water",7.10,HG1,,,Energy hot water 10 [Low],Energie Warmwasser 10 [Low],i16,kWh,,,,,TRUE,FALSE,
0xc2c6,energy_hot_water_10_high,4.9.92,"Statistics :: Month :: Energy, hot water",7.10,HG1,,,Energy hot water 10 [High],Energie Warmwasser 10 [High],i16,kWh,,,,,TRUE,FALSE,
0xc2c7,energy_hot_water_11_low,4.9.93,"Statistics :: Month :: Energy, hot water",7.10,HG1,,,Energy hot water 11 [Low],Energie Warmwasser 11 [Low],i16,kWh,,,,,TRUE,FALSE,
0xc2c8,energy_hot_water_11_high,4.9.94,"Statistics :: Month :: Energy, hot water",7.10,HG1,,,Energy hot water 11 [High],Energie Warmwasser 11 [High],i16,kWh,,,,,TRUE,FALSE,
0xc2c9,energy_hot_water_12_low,4.9.95,"Statistics :: Month :: Energy, hot water",7.10,HG1,,,Energy hot water 12 [Low],Energie Warmwasser 12 [Low],i16,kWh,,,,,TRUE,FALSE,
0xc2ca,energy_hot_water_12_high,4.9.96,"Statistics :: Month :: Energy, hot water",7.10,HG1,,,Energy hot water 12 [High],Energie Warmwasser 12 [High],i16,kWh,,,,,TRUE,FALSE,
0xc2cb,energy_hp_total_01_low,4.9.97,Statistics :: Month :: Energy HP total,7.10,HG1,,,Energy HP total 01 [Low],Energie WP gesamt 01 [Low],i16,kWh,,,,,TRUE,FALSE,
0xc2cc,energy_hp_total_01_high,4.9.98,Statistics :: Month :: Energy HP total,7.10,HG1,,,Energy HP total 01 [High],Energie WP gesamt 01 [High],i16,kWh,,,,,TRUE,FALSE,
0xc2cd,energy_hp_total_02_low,4.9.99,Statistics :: Month :: Energy HP total,7.10,HG1,,,Energy HP total 02 [Low],Energie WP gesamt 02 [Low],i16,kWh,,,,,TRUE,FALSE,
0xc2ce,energy_hp_total_02_high,4.9.100,Statistics :: Month :: Energy HP total,7.10,HG1,,,Energy HP total 02 [High],Energie WP gesamt 02 [High],i16,kWh,,,,,TRUE,FALSE,
0xc2cf,energy_hp_total_03_low,4.9.101,Statistics :: Month :: Energy HP total,7.10,HG1,,,Energy HP total 03 [Low],Energie WP gesamt 03 [Low],i16,kWh,,,,,TRUE,FALSE,
0xc2d0,energy_hp_total_03_high,4.9.102,Statistics :: Month :: Energy HP total,7.10,HG1,,,Energy HP total 03 [High],Energie WP gesamt 03 [High],i16,kWh,,,,,TRUE,FALSE,
0xc2d1,energy_hp_total_04_low,4.9.103,Statistics :: Month :: Energy HP total,7.10,HG1,,,Energy HP total 04 [Low],Energie WP gesamt 04 [Low],i16,kWh,,,,,TRUE,FALSE,
0xc2d2,energy_hp_total_04_high,4.9.104,Statistics :: Month :: Energy HP total,7.10,HG1,,,Energy HP total 04 [High],Energie WP gesamt 04 [High],i16,kWh,,,,,TRUE,FALSE,
0xc2d3,energy_hp_total_05_low,4.9.105,Statistics :: Month :: Energy HP total,7.10,HG1,,,Energy HP total 05 [Low],Energie WP gesamt 05 [Low],i16,kWh,,,,,TRUE,FALSE,
0xc2d4,energy_hp_total_05_high,4.9.106,Statistics :: Month :: Energy HP total,7.10,HG1,,,Energy HP total 05 [High],Energie WP gesamt 05 [High],i16,kWh,,,,,TRUE,FALSE,
0xc2d5,energy_hp_total_06_low,4.9.107,Statistics :: Month :: Energy HP total,7.10,HG1,,,Energy HP total 06 [Low],Energie WP gesamt 06 [Low],i16,kWh,,,,,TRUE,FALSE,
0xc2d6,energy_hp_total_06_high,4.9.108,Statistics :: Month :: Energy HP total,7.10,HG1,,,Energy HP total 06 [High],Energie WP gesamt 06 [High],i16,kWh,,,,,TRUE,FALSE,
0xc2d7,energy_hp_total_07_low,4.9.109,Statistics :: Month :: Energy HP total,7.10,HG1,,,Energy HP total 07 [Low],Energie WP gesamt 07 [Low],i16,kWh,,,,,TRUE,FALSE,
0xc2d8,energy_hp_total_07_high,4.9.110,Statistics :: Month :: Energy HP total,7.10,HG1,,,Energy HP total 07 [High],Energie WP gesamt 07 [High],i16,kWh,,,,,TRUE,FALSE,
0xc2d9,energy_hp_total_08_low,4.9.111,Statistics :: Month :: Energy HP total,7.10,HG1,,,Energy HP total 08 [Low],Energie WP gesamt 08 [Low],i16,kWh,,,,,TRUE,FALSE,
0xc2da,energy_hp_total_08_high,4.9.112,Statistics :: Month :: Energy HP total,7.10,HG1,,,Energy HP total 08 [High],Energie WP gesamt 08 [High],i16,kWh,,,,,TRUE,FALSE,
0xc2db,energy_hp_total_09_low,4.9.113,Statistics :: Month :: Energy HP total,7.10,HG1,,,Energy HP total 09 [Low],Energie WP gesamt 09 [Low],i16,kWh,,,,,TRUE,FALSE,
0xc2dc,energy_hp_total_09_high,4.9.114,Statistics :: Month :: Energy HP total,7.10,HG1,,,Energy HP total 09 [High],Energie WP gesamt 09 [High],i16,kWh,,,,,TRUE,FALSE,
0xc2dd,energy_hp_total_10_low,4.9.115,Statistics :: Month :: Energy HP total,7.10,HG1,,,Energy HP total 10 [Low],Energie WP gesamt 10 [Low],i16,kWh,,,,,TRUE,FALSE,
0xc2de,energy_hp_total_10_high,4.9.116,Statistics :: Month :: Energy HP total,7.10,HG1,,,Energy HP total 10 [High],Energie WP gesamt 10 [High],i16,kWh,,,,,TRUE,FALSE,
0xc2df,energy_hp_total_11_low,4.9.117,Statistics :: Month :: Energy HP total,7.10,HG1,,,Energy HP total 11 [Low],Energie WP gesamt 11 [Low],i16,kWh,,,,,TRUE,FALSE,
0xc2e0,energy_hp_total_11_high,4.9.118,Statistics :: Month :: Energy HP total,7.10,HG1,,,Energy HP total 11 [High],Energie WP gesamt 11 [High],i16,kWh,,,,,TRUE,FALSE,
0xc2e1,energy_hp_total_12_low,4.9.119,Statistics :: Month :: Energy HP total,7.10,HG1,,,Energy HP total 12 [Low],Energie WP gesamt 12 [Low],i16,kWh,,,,,TRUE,FALSE,
0xc2e2,energy_hp_total_12_high,4.9.120,Statistics :: Month :: Energy HP total,7.10,HG1,,,Energy HP total 12 [High],Energie WP gesamt 12 [High],i16,kWh,,,,,TRUE,FALSE,
0x06A6,energy_hp_cooling,4.9.2,Statistics :: Total,7.10,HG1,,,Energy HP cooling,Energie WP Kühlung,i16,kWh,,,1,,TRUE,FALSE,
0x06A7,energy_hp_heating,4.9.2,Statistics :: Total,7.10,HG1,,,Energy HP heating,Energie WP Heizung,i16,kWh,,,1,,TRUE,FALSE,
0x092c,energy_hot_water,4.9.2,Statistics :: Total,7.10,HG1,,,Energy hot water,Energie Warmwasser,i16,kWh,,,1,,TRUE,FALSE,
0x0930,energy_hp_total,4.9.2,Statistics :: Total,7.10,HG1,,,Energy HP total,Energie WP gesamt,i16,kWh,,,1,,TRUE,FALSE,
0xc2fa,energy_electrical,4.9.2,Statistics :: Total,7.10,HG1,,,Electr. energy total,Elektr. Energie gesamt,i16,kWh,,,1,,TRUE,FALSE,
0x091c,energy_ext_hot_water,4.9.2,Statistics :: Total,7.10,HG1,,,"Ext. energy source, hot water",Energie ext. Quelle Warmwasser,i16,kWh,,,1,,TRUE,FALSE,
0x0920,energy_ext_heating,4.9.2,Statistics :: Total,7.10,HG1,,,"Ext. energy source, heating",Energie ext. Quelle Heizung,i16,kWh,,,1,,TRUE,FALSE,
0x06a5,runtime_compressor,4.9.2,Statistics :: Total,7.10,HG1,,,Compressor uptime,Laufzeit Kompressor,i16,h,,,1,,TRUE,FALSE,
0x06a4,runtime_pump,4.9.2,Statistics :: Total,7.10,HG1,,,Pump uptime,Laufzeit Pumpe,i16,h,,,1,,TRUE,FALSE,
0x005e,hot_water_active,,,,HG1,,,DHW heating up active,Warmwasserbereitung aktiv,bool,,,,,,TRUE,FALSE,
0x0661,VMIN_A1,,,,,,,Volume flow,Durchfluss (VMIN_A1),dec,l/h,,,,,TRUE,FALSE,
0x0011,RAUMISTTEMP,,,,,,,Room temperature,Raum-Ist-Temperatur,dec,C,10,,,,TRUE,FALSE,-40 = Not Connected
0x0012,VERSTELLTE_RAUMSOLLTEMP,,,,,,,Room setpoint,Raum-Soll-Temperatur,dec,C,10,5-40,,,TRUE,FALSE,
0x0103,AUFHEIZOPTIMIERUNG,,,,,,,eAUFHEIZOPTIMIERUNG,eAUFHEIZOPTIMIERUNG,i8,,,,,,TRUE,FALSE,
0x0110,MAX_AUFHEIZVORVERLEGUNG,,,,,,,eMAX_AUFHEIZVORVERLEGUNG,eMAX_AUFHEIZVORVERLEGUNG,i16,,,,,,TRUE,FALSE,
0x012e,ABSENKOPTIMIERUNG,,,,,,,eABSENKOPTIMIERUNG,eABSENKOPTIMIERUNG,i16,,,,,,TRUE,FALSE,
0x0148,GERAETE_KENNUNG,,,,,,,Type of heat generator,Wärmeerzeugertyp,enum16,,,HeatGeneratorType,,,TRUE,FALSE,
0x0682,WP_MOD_HYST_DURCHFLUSS,,,,,,,eWP_MOD_HYST_DURCHFLUSS,eWP_MOD_HYST_DURCHFLUSS,dec,l/h,10,,,,TRUE,FALSE,
0x0683,WP_SPREIZUNG_HZ_BETRIEB,,,,,,,Delt-T CH,Sollspreizung Heizung,dec,K,10,,,,TRUE,FALSE,
0x0684,WP_SPREIZUNG_WW_BETRIEB,,,,,,,Delta- DHW,Sollspreizung Warmwasser,dec,K,10,,,,TRUE,FALSE,
0x0685,WP_VERZ_ZEIT_PUMPE,,,,,,,eWP_VERZ_ZEIT_PUMPE,eWP_VERZ_ZEIT_PUMPE,dec,,10,,,,TRUE,FALSE,
0x0688,VMIN_WP,,,,,,,Volume flow,Durchfluss (VMIN_WP),dec,,,,,,TRUE,FALSE,
0x068c,WP_START_MAX_TEMP,,,,,,,eWP_START_MAX_TEMP,eWP_START_MAX_TEMP,dec,C,10,,,,TRUE,FALSE,
0x0699,WP_INNENGERAET,,,,,,,eWP_INNENGERAET,eWP_INNENGERAET,dec,,10,,,,TRUE,FALSE,
0x069a,WP_AUSSENGERAET,,,,,,,eWP_AUSSENGERAET,eWP_AUSSENGERAET,dec,,10,,,,TRUE,FALSE,
0x0a1f,ZEITMASTER,,,,,,,eZEITMASTER,eZEITMASTER,i8,,,,,,TRUE,FALSE,
0x1388,FEHLER_AKTUELL,,,,,,,Current error,Aktueller Fehler,i16,,,,,,TRUE,FALSE,
0x13b5,START_KUEHLEN_AUSSENTEMP_HZK0,,,,,,,Start T-Out Cooling,Untergrenze Außentemperatur für Kühlbetrieb,dec,C,10,,,,TRUE,FALSE,all devices return NULL
0xc09d,VMIN_GCU,,,,,,,Volume flow,Durchfluss (VMIN_GCU),dec,,,,,,TRUE,FALSE,
0xc0b1,SONDERFKT_SCHALTKONTAKT,,,,,,,eSONDERFKT_SCHALTKONTAKT,eSONDERFKT_SCHALTKONTAKT,dec,,10,,,,TRUE,FALSE,
0xc0b2,WARTEZEIT_SONDERFKT,,,,,,,eWARTEZEIT_SONDERFKT,eWARTEZEIT_SONDERFKT,dec,,10,,,,TRUE,FALSE,
0xc0b3,SCHALTSCHWELLE_TDHW,,,,,,,eSCHALTSCHWELLE_TDHW,eSCHALTSCHWELLE_TDHW,dec,C,10,,,,TRUE,FALSE,
0xc0f7,PWM_SIGNAL,,,,,,,PWM signal,PWM_SIGNAL,i8,,,,,,TRUE,FALSE,
0xc1bf,T_TVBH,,,,,,,TVBH2,TVBH2,dec,C,10,,,,TRUE,FALSE,
0xc102,T_TVBH1,,,,,,,TVBH1,TVBH1,dec,C,10,,,,TRUE,FALSE,
0xfd4f,G1_ANTILEG_START_ZEIT,,,,,,,Anti-Legionella time,Startzeit Antileginoellenprogramm,dec,,10,,,,FALSE,FALSE,This is a typo in the G1 gateway 0xfd4f should've been 0xfdf4.
0x0010,mystery_0010,,,,HG1,,,Mystery 0x0010,Mystery 0x0010,i16,,,,,,TRUE,FALSE,
0x093c,mystery_093c,,,,HG1,,,Mystery 0x093c,Mystery 0x093c,i16,,,,,,TRUE,FALSE,
0xc0b4,mystery_c0b4,,,,HG1,,,Mystery 0xc0b4,Mystery 0xc0b4,i16,,,,,,TRUE,FALSE,
